Manufacturer,PermitNumber,VINNUMBER,AnnualTotalofDisengagements,18-Dec,19-Jan,19-Feb,19-Mar,19-Apr,19-May,19-Jun,19-Jul,19-Aug,19-Sep,19-Oct,19-Nov,ANNUALTOTAL
AImotive Inc.,AVT003,JTDKN3DU2A5101201,8,0,0,46,391,144,44,106,649,407,138,76,500,2501
AImotive Inc.,AVT003,JTDKN3DU5A1092792,9,253,0,477,815,393,183,138,45,0,0,0,0,2304
AImotive Inc.,AVT003,JTDKN3DU9A0059509,9,0,0,0,0,0,0,0,0,0,356,194,701,1251
Apple Inc.,AVT030,2T2BGMCA0GC007400,0,0,0,0,0,0,0,0,0,0,0,47,0,47
Apple Inc.,AVT030,2T2BGMCA0GC007946,0,0,0,0,0,0,0,0,0,0,7,31,0,38
Apple Inc.,AVT030,2T2BGMCA0HC014753,0,0,0,0,0,0,0,0,0,0,0,2,,2
Apple Inc.,AVT030,2T2BGMCA0HC019225,1,0,0,0,0,0,0,0,0,0,0,394,19,413
Apple Inc.,AVT030,2T2BGMCA0HC019967,3,0,0,0,0,0,0,0,0,0,108,207,27,342
Apple Inc.,AVT030,2T2BGMCA1HC014096,9,0,0,0,0,0,0,0,0,0,168,147,233,548
Apple Inc.,AVT030,2T2BGMCA2GC007754,3,0,0,0,0,0,0,24,55,116,0,0,0,195
Apple Inc.,AVT030,2T2BGMCA2GC008418,6,0,0,0,0,0,0,0,185,600,58,0,0,843
Apple Inc.,AVT030,2T2BGMCA2HC012521,6,0,0,0,0,0,0,0,0,0,73,177,139,389
Apple Inc.,AVT030,2T2BGMCA2HC019338,2,0,0,0,0,0,0,0,0,0,286,350,276,912
Apple Inc.,AVT030,2T2BGMCA2HC019890,12,0,0,0,0,0,0,14,335,497,40,0,0,886
Apple Inc.,AVT030,2T2BGMCA3HC020062,3,0,0,0,0,0,0,0,0,0,286,179,164,629
Apple Inc.,AVT030,2T2BGMCA4HC016912,1,0,0,0,0,0,0,0,0,0,0,86,17,103
Apple Inc.,AVT030,2T2BGMCA4HC019826,1,0,0,0,0,0,0,0,0,0,0,32,0,32
Apple Inc.,AVT030,2T2BGMCA4HC020118,5,0,0,0,0,0,0,0,0,0,308,196,0,504
Apple Inc.,AVT030,2T2BGMCA5HC014389,1,0,0,0,0,0,0,0,0,0,0,0,254,254
Apple Inc.,AVT030,2T2BGMCA6HC019228,1,0,0,0,0,0,0,0,41,58,0,0,0,99
Apple Inc.,AVT030,2T2BGMCA8GC003871,2,0,0,0,0,0,0,0,0,302,83,0,0,385
Apple Inc.,AVT030,2T2BGMCA8HC016136,0,0,0,0,0,0,0,0,128,0,0,0,0,128
Apple Inc.,AVT030,2T2BGMCA8HC017772,8,0,0,0,0,0,0,0,224,463,11,0,0,698
Apple Inc.,AVT030,2T2BGMCA9GC007394,0,0,0,0,0,0,0,0,0,0,0,0,34,34
Apple Inc.,AVT030,2T2BGMCAXHC018082,0,0,0,0,0,0,0,0,0,53,9,0,0,62
Apple Inc.,AVT030,2T2BGMCAXHC019927,0,0,0,0,0,0,0,1,0,0,0,0,0,1
Apple Inc.,AVT030,2T2BGMCA2GC007334,0,0,0,0,0,0,0,0,0,0,0,0,0,0
Apple Inc.,AVT030,2T2BGMCA1GC008135,0,0,0,0,0,0,0,0,0,0,0,0,0,0
Apple Inc.,AVT030,2T2BGMCA3GC007861,0,0,0,0,0,0,0,0,0,0,0,0,0,0
Apple Inc.,AVT030,2T2BGMCA6GC007983,0,0,0,0,0,0,0,0,0,0,0,0,0,0
Apple Inc.,AVT030,2T2BGMCA9GC008464,0,0,0,0,0,0,0,0,0,0,0,0,0,0
Apple Inc.,AVT030,2T2BGMCA8GC007371,0,0,0,0,0,0,0,0,0,0,0,0,0,0
Apple Inc.,AVT030,2T2BGMCA3GC007911,0,0,0,0,0,0,0,0,0,0,0,0,0,0
Apple Inc.,AVT030,2T2BGMCA8GC008505,0,0,0,0,0,0,0,0,0,0,0,0,0,0
Apple Inc.,AVT030,2T2BGMCA2GC003882,0,0,0,0,0,0,0,0,0,0,0,0,0,0
Apple Inc.,AVT030,2T2BGMCA7GC003781,0,0,0,0,0,0,0,0,0,0,0,0,0,0
Apple Inc.,AVT030,2T2BGMCA4GC005228,0,0,0,0,0,0,0,0,0,0,0,0,0,0
Apple Inc.,AVT030,2T2BGMCA2GC004112,0,0,0,0,0,0,0,0,0,0,0,0,0,0
Apple Inc.,AVT030,2T2BGMCA7GC007068,0,0,0,0,0,0,0,0,0,0,0,0,0,0
Apple Inc.,AVT030,2T2BGMCA9GC007394,0,0,0,0,0,0,0,0,0,0,0,0,0,0
Apple Inc.,AVT030,2T2BGMCA8GC003823,0,0,0,0,0,0,0,0,0,0,0,0,0,0
Apple Inc.,AVT030,2T2BGMCA8GC008424,0,0,0,0,0,0,0,0,0,0,0,0,0,0
Apple Inc.,AVT030,2T2BGMCA7GC008382,0,0,0,0,0,0,0,0,0,0,0,0,0,0
Apple Inc.,AVT030,2T2BGMCA5GC006145,0,0,0,0,0,0,0,0,0,0,0,0,0,0
Apple Inc.,AVT030,2T2BGMCA2GC005566,0,0,0,0,0,0,0,0,0,0,0,0,0,0
Apple Inc.,AVT030,2T2BGMCAXGC006416,0,0,0,0,0,0,0,0,0,0,0,0,0,0
Apple Inc.,AVT030,2T2BGMCA7HC017262,0,0,0,0,0,0,0,0,0,0,0,0,0,0
Apple Inc.,AVT030,2T2BGMCA1HC016933,0,0,0,0,0,0,0,0,0,0,0,0,0,0
Apple Inc.,AVT030,2T2BGMCA5HC019219,0,0,0,0,0,0,0,0,0,0,0,0,0,0
Apple Inc.,AVT030,2T2BGMCA2HC020151,0,0,0,0,0,0,0,0,0,0,0,0,0,0
Apple Inc.,AVT030,2T2BGMCA0HC020083,0,0,0,0,0,0,0,0,0,0,0,0,0,0
Apple Inc.,AVT030,2T2BGMCA8HC019876,0,0,0,0,0,0,0,0,0,0,0,0,0,0
Apple Inc.,AVT030,2T2BGMCAXHC018051,0,0,0,0,0,0,0,0,0,0,0,0,0,0
Apple Inc.,AVT030,2T2BGMCAXHC014310,0,0,0,0,0,0,0,0,0,0,0,0,0,0
Apple Inc.,AVT030,2T2BGMCA9HC019305,0,0,0,0,0,0,0,0,0,0,0,0,0,0
Apple Inc.,AVT030,2T2BGMCA8HC019540,0,0,0,0,0,0,0,0,0,0,0,0,0,0
Apple Inc.,AVT030,2T2BGMCA0HC019709,0,0,0,0,0,0,0,0,0,0,0,0,0,0
Apple Inc.,AVT030,2T2BGMCA0HC019919,0,0,0,0,0,0,0,0,0,0,0,0,0,0
Apple Inc.,AVT030,2T2BGMCA2HC019968,0,0,0,0,0,0,0,0,0,0,0,0,0,0
Apple Inc.,AVT030,2T2BGMCA4HC016845,0,0,0,0,0,0,0,0,0,0,0,0,0,0
Apple Inc.,AVT030,2T2BGMCA5HC019818,0,0,0,0,0,0,0,0,0,0,0,0,0,0
Apple Inc.,AVT030,2T2BGMCA5HC019737,0,0,0,0,0,0,0,0,0,0,0,0,0,0
Apple Inc.,AVT030,2T2BGMCA8HC019411,0,0,0,0,0,0,0,0,0,0,0,0,0,0
Apple Inc.,AVT030,2T2BGMCA5HC019432,0,0,0,0,0,0,0,0,0,0,0,0,0,0
Apple Inc.,AVT030,2T2BGMCA3HC014584,0,0,0,0,0,0,0,0,0,0,0,0,0,0
Apple Inc.,AVT030,2T2BGMCA0HC015899,0,0,0,0,0,0,0,0,0,0,0,0,0,0
Apple Inc.,AVT030,2T2BGMCA0HC016082,0,0,0,0,0,0,0,0,0,0,0,0,0,0
Apple Inc.,AVT030,2T2BGMCAXHC020026,0,0,0,0,0,0,0,0,0,0,0,0,0,0
Apple Inc.,AVT030,2T2BGMCA7HC014877,0,0,0,0,0,0,0,0,0,0,0,0,0,0
Apple Inc.,AVT030,2T2BGMCA6HC016667,0,0,0,0,0,0,0,0,0,0,0,0,0,0
Apple Inc.,AVT030,2T2BGMCA9HC019126,0,0,0,0,0,0,0,0,0,0,0,0,0,0
Apple Inc.,AVT030,2T2BGMCA8HC020137,0,0,0,0,0,0,0,0,0,0,0,0,0,0
Apple Inc.,AVT030,2T2BGMCA9HC019532,0,0,0,0,0,0,0,0,0,0,0,0,0,0
"Aurora Innovation, Inc.",AVT037,3LN6L5LUHR650656,39,313.97,566.57,915.64,384.26,380.45,197.37,106.96,107.42,87.58,198.51,712.08,486.59,4457.4
"Aurora Innovation, Inc.",AVT037,3LN6L5MU6HR643536,26,74.3,2.77,42.91,22.82,77.08,118.52,105.57,127.26,120.71,220.94,473.76,389.07,1775.71
"Aurora Innovation, Inc.",AVT037,3LN6L5MU1HR646151,30,550.16,693.29,993.57,430.53,135.41,284.12,126.7,190.46,12.25,68.76,224.45,245.85,3955.55
"Aurora Innovation, Inc.",AVT037,3LN6L5MU8HR644610,20,193.53,0,1.34,281.31,102.62,56.23,1.36,1.85,41.98,134.42,470.5,113.21,1398.35
"Aurora Innovation, Inc.",AVT037,3LN6L5LUOHR664920,25,16.61,37.93,255.39,23.65,94.81,320.46,84.29,207.07,169.78,30.86,130.36,146.56,1517.77
"Aurora Innovation, Inc.",AVT037,WVWPR7AU6HW953903,1,26.41,288,10.3,0,0,0,0,0,0,0,0,0,324.71
"AutoX Technologies, Inc.",AVT021,3LN6L5LU5HR622291,0,208,175,132,1718,1634,1196,0,0,0,0,0,0,5063
"AutoX Technologies, Inc.",AVT021,3LN6L5MU9HR630361,0,0,0,0,0,0,0,0,0,0,0,0,0,0
"AutoX Technologies, Inc.",AVT021,3LN6L5LU1HR637709,0,167,193,160,493,1249,1353,1487,1534,1227,925,586,748,10122
"AutoX Technologies, Inc.",AVT021,3LN6L5MU9JR614778,0,54,78,102,745,732,648,724,692,635,701,718,794,6623
"AutoX Technologies, Inc.",AVT021,3LN6L5MU5JR618391,2,15,35,159,104,78,106,393,1100,1018,1365,507,929,5809
"AutoX Technologies, Inc.",AVT021,3LN6L5MUXJR626177,1,0,0,0,0,0,0,0,822,534,927,318,543,3144
"AutoX Technologies, Inc.",AVT021,3LN6L5MU8JR628090,0,0,0,0,0,0,40,79,81,50,85,120,121,576
"AutoX Technologies, Inc.",AVT021,2C4RC1N73JR229418,0,34,73,47,85,78,36,53,67,62,59,75,48,717
Baidu USA LLC,AVT015,3LN6L2LU4GR629715,1,0,0,0,0,0,877.1,2771.8,4109.2,2929.3,5314.2,6295.2,5570.6,27867.4
Baidu USA LLC,AVT015,3LN6L2LU5GR607996,1,3.9,0,0,18.6,14.5,19.2,0.4,0,0,0,0,0,56.6
Baidu USA LLC,AVT015,3LN6L5LU1HR627987,2,606.1,920,923.5,1384.3,1694.5,3572.1,3425.5,4198.5,5694.6,4537,5573.5,4116.4,36646
Baidu USA LLC,AVT015,3LN6L5LU2HR615153,2,1446.7,1934.5,2126.5,2178.1,3041.4,4314.4,2389.4,4838.7,4390.6,6117.3,5940,5012.6,43730.2
BMW of North America,AVT009,WBA7E21060G409246,0,0,0,0,0,0,0,0,0,0,0,0,0,0
BMW of North America,AVT009,WBA7E21060G410008,0,0,0,0,0,0,0,0,0,0,0,0,0,0
BMW of North America,AVT009,WBA7E21050G412347,7,0,0,0,0,0,0,0,0,0,0,0,6.8,6.8
BMW of North America,AVT009,WBA7E21080G412861,1,0,0,0,0,0,0,0,0,0,0,0,14.56,14.56
BMW of North America,AVT009,WBA7E2C53GGD99815,0,0,0,0,0,0,0,0,0,0,0,0,0,0
CRUISE LLC,AVT008,5G21A6S00K40115EX,0,1448.099543,1905.807277,1336.326154,1049.022568,29.45163451,1544.470853,1408.157482,262.8861806,0,0,0,0,8984.221693
CRUISE LLC,AVT008,5G21A6S08K40117EX,0,1403.993859,420.8975597,0,0,1487.829403,1696.723807,222.6167037,0,0,0,0,0,5232.061332
CRUISE LLC,AVT008,5G21A6S05K40102EX,2,1318.160873,1693.422611,1318.670954,490.6844279,1686.842844,1693.421708,1035.537428,247.2588668,93.12500952,0,0,0,9577.124722
CRUISE LLC,AVT008,5G21A6S05K40050EX,1,1296.641375,767.6138859,128.1594636,202.4514685,896.7874448,746.0235073,566.2555255,0,0,0,0,0,4603.932671
CRUISE LLC,AVT008,5G21A6S00K40109EX,1,1270.480424,1930.566032,466.9868937,37.76861224,796.8174107,1852.106433,1400.965274,544.397811,0,0,0,0,8300.08889
CRUISE LLC,AVT008,5G21A6S00K40092EX,0,1267.6379,1517.538177,1213.499577,1257.080557,1161.603031,837.5356663,853.5529009,0,0,0,0,0,8108.447809
CRUISE LLC,AVT008,5G21A6S01K40020EX,0,1248.526396,577.5471891,1100.845123,120.1074683,0,1057.158642,238.4376409,0,0,0,0,0,4342.622459
CRUISE LLC,AVT008,5G21A6S07K40108EX,0,1187.036404,1135.828005,1341.907385,1081.206555,1577.175682,831.4321828,1514.573395,422.6666066,0,0,0,0,9091.826216
CRUISE LLC,AVT008,5G21A6S00K40121EX,2,1111.160245,1546.08003,1193.388793,1715.936294,1674.377336,2216.795962,1716.683533,123.1338714,0,0,0,0,11297.55606
CRUISE LLC,AVT008,5G21A6S01K40095EX,2,1105.161824,1545.341869,974.9752572,9.656549375,1321.773767,1720.22681,493.4237559,103.6436344,0,0,0,0,7274.203466
CRUISE LLC,AVT008,5G21A6S06K40082EX,0,1092.53754,1356.046731,800.6342868,1666.343131,1316.922646,120.7648037,0,0,0,0,0,0,6353.249139
CRUISE LLC,AVT008,5G21A6S00K40086EX,1,1081.927841,2004.292586,1573.659052,1682.361249,716.0910147,0,0,0,0,0,0,0,7058.331742
CRUISE LLC,AVT008,5G21A6S08K40071EX,1,1055.540247,1416.864285,1079.692744,397.007185,1621.1478,1746.576067,747.8203018,167.8963617,0,0,0,0,8232.544991
CRUISE LLC,AVT008,5G21A6S03K40090EX,1,1044.207693,2012.062172,1294.879018,1497.847971,1586.387448,1363.259727,68.55046129,0,0,0,0,0,8867.19449
CRUISE LLC,AVT008,5G21A6S03K40113EX,1,1026.371234,693.4452382,0,0,0,915.1865037,1214.814774,85.09571642,0,0,0,0,3934.913466
CRUISE LLC,AVT008,5G21A6S03K40061EX,0,1019.712706,1678.973282,1084.429347,659.2708744,1444.133737,1912.024556,235.9199905,0,0,0,0,0,8034.464494
CRUISE LLC,AVT008,5G21A6S00K40040EX,0,1001.716517,1158.352429,1258.224924,1060.901981,1026.204752,1818.369375,288.262213,38.49262045,0,0,0,0,7650.524812
CRUISE LLC,AVT008,5G21A6S04K40116EX,1,997.6409848,1400.194714,1029.606646,575.951459,1052.198307,0,0,0,0,0,0,0,5055.59211
CRUISE LLC,AVT008,5G21A6S03K40084EX,2,985.1963076,889.910716,1364.557265,762.8200712,1434.865311,1854.526945,401.9256603,0,0,0,0,0,7693.802276
CRUISE LLC,AVT008,5G21A6S02K40110EX,1,965.5268207,356.818215,1304.875856,759.0912266,1159.062181,517.5553876,314.9046248,0,0,0,0,0,5377.834312
CRUISE LLC,AVT008,5G21A6S05K40119EX,2,953.7168414,1732.70491,1572.723936,900.8989467,1796.06244,1430.368194,761.7458061,0,0,0,0,0,9148.221074
CRUISE LLC,AVT008,5G21A6S0XK40025EX,1,948.3031047,1851.512836,1255.025261,156.0307529,747.4486794,1316.43301,597.7219618,0,0,0,0,0,6872.475606
CRUISE LLC,AVT008,5G21A6S04K40064EX,0,941.7504748,1638.270814,1103.517096,1171.668153,1316.65832,1799.151138,345.0042468,0,0,0,0,0,8316.020242
CRUISE LLC,AVT008,5G21A6S0XK40060EX,3,884.6728954,1327.70626,902.6234457,754.3596803,1691.783676,895.5802861,1480.232891,569.8662241,31.5129745,0,0,0,8538.338333
CRUISE LLC,AVT008,5G21A6S06K40099EX,0,871.772283,1604.645169,266.6590091,182.3135678,917.1884202,1322.678785,612.8580911,201.1511637,0,0,0,0,5979.266489
CRUISE LLC,AVT008,5G21A6S04K40058EX,0,742.0990995,1538.706564,861.9448491,1208.930622,1181.494848,1162.423525,12.33726715,0,0,0,0,0,6707.936776
CRUISE LLC,AVT008,5G21A6S00K40034EX,2,678.6491841,747.5720798,1001.131442,1210.718792,1731.013423,1219.9908,1026.549844,0,0,0,0,0,7615.625565
CRUISE LLC,AVT008,5G21A6S09K40074EX,0,653.5218319,1660.103654,351.37278,0,1594.859617,239.9239675,0,0,0,0,0,0,4499.78185
CRUISE LLC,AVT008,5G21A6S03K40078EX,1,649.0416275,2103.485037,1589.25164,514.0407411,1523.742496,1210.837363,1597.974075,220.6214569,0,0,0,0,9408.994437
CRUISE LLC,AVT008,5G21A6S08K40094EX,1,573.6842693,1270.584444,1047.13249,1238.934933,1438.117818,495.2502417,323.8085316,66.07223773,0,0,0,0,6453.584965
CRUISE LLC,AVT008,5G21A6S09K40045EX,0,560.0559643,1171.51195,1318.613133,650.9004538,1506.763757,1761.13883,1196.057503,153.1867517,0,0,0,0,8318.228342
CRUISE LLC,AVT008,5G21A6S0XK40083EX,2,538.3878118,1652.350164,663.1141324,107.6518957,1116.181859,1794.556031,1185.319305,216.7948514,0,0,0,0,7274.356051
CRUISE LLC,AVT008,5G21A6S05K40073EX,1,508.9096884,1028.768258,132.6374125,719.9789007,1370.903424,1068.193095,268.5273557,0,0,0,0,0,5097.918135
CRUISE LLC,AVT008,5G21A6S07K40085EX,1,497.0170697,1055.916231,1281.457197,1461.797718,1360.949609,348.7089194,0,0,0,0,0,0,6005.846743
CRUISE LLC,AVT008,5G21A6S01K40043EX,0,450.6604502,1109.417608,403.3808774,0,0,0,0,0,0,0,0,0,1963.458935
CRUISE LLC,AVT008,5G21A6S07K40114EX,1,395.6795001,505.0892456,689.9496475,284.2439298,155.906897,0,13.02689846,3.564161558,0,0,0,0,2047.46028
CRUISE LLC,AVT008,5G21A6S06K40076EX,0,370.3029818,266.4474656,19.72544214,0.000553665,1.09E-06,0,0,0,0,0,0,0,656.4764443
CRUISE LLC,AVT008,5G21A6S04K40122EX,2,364.2589301,322.2257168,0,1125.475945,1298.806875,1715.620638,174.7506229,0,0,0,0,0,5001.138728
CRUISE LLC,AVT008,5G21A6S04K40093EX,0,350.395557,168.1273048,49.13683931,212.1829493,410.5426172,0,0,0,0,0,0,0,1190.385268
CRUISE LLC,AVT008,5G21A6S06K40053EX,0,329.2661306,323.4014847,137.8097176,187.4602672,312.031798,0,29.81656952,24.87406509,0,0,0,0,1344.660033
CRUISE LLC,AVT008,5G21A6S06K40047EX,0,316.8675922,591.6397366,1492.081977,1147.24996,1264.744534,1377.323853,1644.035602,484.1960411,0,0,0,0,8318.139296
CRUISE LLC,AVT008,5G21A6S01K40101EX,0,303.7099181,184.2902671,183.3733641,167.080892,435.3761394,0,0.041002655,0.547263662,0,0,0,0,1274.418847
CRUISE LLC,AVT008,5G21A6S08K40065EX,1,279.6696653,598.7484909,452.1593109,394.9364933,371.631621,368.0481726,158.7476438,0,0,0,0,0,2623.941398
CRUISE LLC,AVT008,5G21A6S09K40051EX,0,277.7389411,426.4870881,10.57740494,115.8962238,298.8036933,225.0875665,87.36935285,0,0,0,0,0,1441.960271
CRUISE LLC,AVT008,5G21A6S03K40049EX,0,262.5725894,127.1001548,159.8897144,284.6715186,569.1415713,236.1831309,16.01142196,0,0,0,0,0,1655.570101
CRUISE LLC,AVT008,5G21A6S04K40041EX,0,260.7534535,656.7869038,549.9185741,4.799458153,376.0652371,35.45109725,0,0,0,0,0,0,1883.774724
CRUISE LLC,AVT008,5G21A6S09K40080EX,0,223.5642056,388.6038347,54.137253,88.47613633,0,415.6834091,1.496404767,0,0,0,0,0,1171.961243
CRUISE LLC,AVT008,5G21A6S08K40042EX,0,211.8479004,411.6483886,407.2112137,104.2012211,0,0,0,0,0,0,0,0,1134.908724
CRUISE LLC,AVT008,5G21A6S02K40046EX,0,178.8684871,259.8122609,245.6392801,166.6979924,226.5467612,382.0324127,70.79517137,0,0,0,0,0,1530.392366
CRUISE LLC,AVT008,5G21A6S04K40087EX,0,162.8529898,1022.665178,1397.955478,1628.612284,1689.30164,1798.836217,1542.189371,269.0166619,0,0,0,0,9511.429819
CRUISE LLC,AVT008,5G21A6S07K40056EX,0,162.8347447,387.0365091,44.61401653,0,0,0,0,0,0,0,0,0,594.4852704
CRUISE LLC,AVT008,5G21A6S09K40103EX,0,142.1381685,0,59.68298697,15.04405267,0,0,0,0,0,0,0,0,216.8652081
CRUISE LLC,AVT008,5G21A6S01K40066EX,0,133.2402252,319.9677898,132.7121182,222.4029051,574.9953064,243.5394508,0,0,0,0,0,0,1626.857796
CRUISE LLC,AVT008,5G21A6S05K40067EX,0,101.9685949,190.3030593,64.58963741,28.4416414,56.6768308,38.86484185,0,0,0,0,0,0,480.8446057
CRUISE LLC,AVT008,5G21A6S07K40091EX,0,98.71218599,574.10404,660.8500018,0,1772.211748,1217.779628,0,0,0,0,0,0,4323.657604
CRUISE LLC,AVT008,5G21A6S05K40038EX,0,76.75746722,143.9064824,62.24359844,111.0491927,0,0,0,0,0,0,0,0,393.9567407
CRUISE LLC,AVT008,5G21A6S0XK40077EX,0,68.08715576,83.40246645,248.5361663,240.1060654,0,0,0,0,0,0,0,0,640.1318539
CRUISE LLC,AVT008,5G21A6S07K40079EX,0,57.04060348,13.76818565,83.4353553,177.3835063,100.8806518,277.3218257,0,0,0,0,0,0,709.8301283
CRUISE LLC,AVT008,5G21A6S0XK40106EX,0,52.66995353,449.3488311,381.0557542,479.4438636,490.3401982,185.1641653,0,0,0,0,0,0,2038.022766
CRUISE LLC,AVT008,5G21A6S02K40075EX,1,51.72284074,188.6254161,602.5590355,0.180563165,261.2545636,393.7301651,246.8455703,0,0,0,0,0,1744.918155
CRUISE LLC,AVT008,5G21A6S05K40096EX,0,46.63531555,44.88551257,201.4901508,411.3704147,231.1351342,78.06470482,0,0,0,0,0,0,1013.581233
CRUISE LLC,AVT008,5G21A6S02K40098EX,1,37.81673896,1663.155419,1451.842876,1709.803111,1850.17815,1326.851535,485.8600975,0,0,0,0,0,8525.507927
CRUISE LLC,AVT008,5G21A6S01K40037EX,0,37.15460308,0,5.498255429,348.255898,345.363822,79.14612943,0,0,0,0,0,0,815.418708
CRUISE LLC,AVT008,5G21A6S01K40089EX,1,19.8952661,40.36391663,43.294438,0,315.5155371,17.01337474,0,0,0,0,0,0,436.0825326
CRUISE LLC,AVT008,5G21A6S07K40027EX,0,17.59006732,176.0306301,0,92.54290861,81.28644096,4.709820687,0,0,0,0,0,0,372.1598677
CRUISE LLC,AVT008,5G21A6S01L40026EX,0,17.24213593,360.6413843,31.90369029,0,18.51200153,104.2747514,0,7.21112349,0,0,0,0,539.7850869
CRUISE LLC,AVT008,5G21A6S02K40052EX,1,13.64351782,83.91639793,0,0,0,0,0,0,0,0,0,0,97.55991575
CRUISE LLC,AVT008,5G21A6S06K40030EX,0,9.044820375,232.4720395,212.4653714,46.34340077,102.2142869,0,0,3.310270534,0,0,0,0,605.8501895
CRUISE LLC,AVT008,5G21A6S09L40028EX,0,6.23237842,107.1464443,39.85652224,4.837385701,0,35.49637626,12.2887119,0,0,0,0,0,205.8578188
CRUISE LLC,AVT008,5G21A6S07K40120EX,1,5.851875855,3.356229308,36.96938246,151.3046968,48.67798696,0,0,0,0,0,0,0,246.1601714
CRUISE LLC,AVT008,5G21A6S0XK40112EX,1,2.69249592,40.9562815,0,2021.048815,1515.521913,1865.13645,954.941735,227.4281506,0,0,0,0,6627.725841
CRUISE LLC,AVT008,5G21A6S0XK40031EX,1,0.205853425,535.1946253,511.6560205,368.4904903,1136.40563,1280.819514,757.8027494,11.63854917,73.68403018,0,0,0,4675.897462
CRUISE LLC,AVT008,5G21A6S09K40039EX,0,0,110.2243078,402.1820053,308.0610335,384.0142139,0,29.88766661,34.85356908,36.52567135,0,0,0,1305.748467
CRUISE LLC,AVT008,5G21A6S06K40105EX,0,0,0.56128592,2.762733862,227.2100852,82.93189371,11.60268541,72.61995989,2.001107622,0,0,0,0,399.6897516
CRUISE LLC,AVT008,5G21A6S05K40044EX,0,0,0,0,0,0,0,0,0,0,0,0,0,0
CRUISE LLC,AVT008,5G21A6S04K40029EX,0,0,937.687777,617.7692803,605.5688361,1492.189714,1217.253153,0,0,0,0,0,0,4870.46876
CRUISE LLC,AVT008,5G21A6S04L40030EX,0,0,35.02175119,269.1081119,111.9169953,113.5571936,0,71.50354051,160.2598697,0,0,0,0,761.3674622
CRUISE LLC,AVT008,5G21A6S02K40081EX,0,0,148.9357422,442.8905367,224.6892422,0,0,0,0,0,0,0,0,816.5155211
CRUISE LLC,AVT008,5G21A6S0XK40048EX,0,0,4.839485318,0,4.37870856,0,0,0.806602414,0,0,0,0,0,10.02479629
CRUISE LLC,AVT008,5G21A6S08K40100EX,1,0,122.5592663,143.4301111,226.9237225,373.4487119,323.6704677,165.8430551,43.40445492,0,0,0,0,1399.279789
CRUISE LLC,AVT008,5G21A6P00L4100037,0,0,0,0,0,4.907577648,223.321815,1292.580357,1826.220596,1008.778245,551.5249029,2508.088125,1769.340799,9184.762418
CRUISE LLC,AVT008,5G21A6P00L4100085,0,0,0,0,0,0,0,28.07843291,0,282.7709222,636.9399319,2134.185877,1283.173103,4365.148267
CRUISE LLC,AVT008,5G21A6P03L4100033,0,0,0,0,0,0,17.39016507,660.9948336,1648.798941,494.95716,971.8008736,2126.22864,926.352949,6846.523563
CRUISE LLC,AVT008,5G21A6P05L4100048,1,0,0,0,0,0,19.31529119,1125.766554,1200.677722,766.1160364,1471.4562,2108.838023,0,6692.169827
CRUISE LLC,AVT008,5G21A6P02L4100038,0,0,0,0,0,0,0,0,629.8687411,1024.856671,1291.419006,2098.955057,0,5045.099475
CRUISE LLC,AVT008,5G21A6P06L4100172,0,0,0,0,0,0,0,0,35.41937839,1043.249986,288.6133223,2074.914437,1441.176305,4883.373427
CRUISE LLC,AVT008,5G21A6P00L4100121,0,0,0,0,0,0,0,0,636.1300389,1254.268759,1400.264373,1811.70706,2053.2984,7155.668631
CRUISE LLC,AVT008,5G21A6P04L4100087,0,0,0,0,0,0,0,337.8094634,1218.984275,919.5051013,1016.458884,2032.743522,1293.467379,6818.968625
CRUISE LLC,AVT008,5G21A6P07L4100083,0,0,0,0,0,0,0,9.151473363,166.8581352,844.2790069,996.2771411,2010.644396,1927.338238,5954.548391
CRUISE LLC,AVT008,5G21A6P08L4100058,1,0,0,0,0,0,0,378.8160695,1258.388173,383.7366646,596.2272982,1993.097444,1353.614848,5963.880498
CRUISE LLC,AVT008,5G21A6P09L4100179,0,0,0,0,0,0,0,0,35.28711321,25.860081,266.8410711,1536.10699,1966.761703,3830.856959
CRUISE LLC,AVT008,5G21A6P04L4100073,0,0,0,0,0,0,31.41889238,823.2505006,1110.248019,393.6077499,838.7270325,1945.221692,1070.62283,6213.096716
CRUISE LLC,AVT008,5G21A6P08L4100061,0,0,0,0,0,0,142.2630518,858.2103514,1287.201928,899.2981783,988.5097751,1925.348121,506.7596623,6607.591068
CRUISE LLC,AVT008,5G21A6P02L4100069,0,0,0,0,0,0,32.2025003,904.0934615,1042.055629,1170.739672,1123.309555,1903.591925,1925.195241,8101.187983
CRUISE LLC,AVT008,5G21A6P01L4100175,0,0,0,0,0,0,0,0,888.8730576,1177.596235,743.676509,1896.107093,715.8507521,5422.103646
CRUISE LLC,AVT008,5G21A6P07L4100116,0,0,0,0,0,0,0,0,1172.617994,1115.107084,1134.893903,1871.882992,1546.730677,6841.232649
CRUISE LLC,AVT008,5G21A6S06K40111EX,1,0,0,110.0283837,1079.608339,1852.608855,1296.402359,1511.797529,1147.608612,0,0,0,0,6998.054078
CRUISE LLC,AVT008,5G21A6P07L4100052,0,0,0,0,0,0,12.25690017,1178.140262,1095.075732,843.7599298,357.0878012,1826.28252,561.6069577,5874.210103
CRUISE LLC,AVT008,5G21A6P03L4100131,0,0,0,0,0,0,0,0,642.2305501,1092.189193,1331.558547,1823.683719,1708.023521,6597.685529
CRUISE LLC,AVT008,5G21A6P0XL4100045,0,0,0,0,0,0,141.2852085,1288.469288,1808.10082,623.8026555,1125.273719,542.1555002,398.7155488,5927.80274
CRUISE LLC,AVT008,5G21A6P06L4100124,1,0,0,0,0,0,0,0,230.7829081,0,392.01326,1246.049204,1788.16736,3657.012732
CRUISE LLC,AVT008,5G21A6P03L4100016,0,0,0,0,0,114.5663598,122.8891236,910.4274228,1784.253034,611.8061559,1692.55286,537.9361828,746.5296173,6520.960756
CRUISE LLC,AVT008,5G21A6P0XL4100126,1,0,0,0,0,0,0,198.3844241,1773.460316,997.6353844,1481.599084,1662.859603,653.1247061,6767.063518
CRUISE LLC,AVT008,5G21A6S09K40068EX,0,0,0,0,0,1096.502946,1765.886793,268.8070709,412.7284537,324.1902676,0,0,0,3868.115531
CRUISE LLC,AVT008,5G21A6P08L4100142,0,0,0,0,0,0,0,705.9606336,1204.816263,1362.980473,1056.909468,1751.75083,1752.038897,7834.456565
CRUISE LLC,AVT008,5G21A6P09L4100103,1,0,0,0,0,0,0,62.18593639,1665.34646,889.9372787,1382.779974,1738.95125,1650.990163,7390.191062
CRUISE LLC,AVT008,5G21A6P07L4100181,0,0,0,0,0,0,0,0,334.4749491,614.2274469,1188.403299,1729.356419,172.9754173,4039.437532
CRUISE LLC,AVT008,5G21A6P02L4100119,0,0,0,0,0,0,0,0,1164.647828,904.0621591,1537.254171,1201.040333,1711.280275,6518.284766
CRUISE LLC,AVT008,5G21A6P01L4100029,1,0,0,0,0,0,0,206.7280382,776.314379,547.4702128,1021.537376,1242.343174,1708.065613,5502.458793
CRUISE LLC,AVT008,5G21A6P06L4100074,0,0,0,0,0,0,60.60125496,1436.470665,1282.433557,812.4620228,1021.969741,850.1468436,1704.04341,7168.127495
CRUISE LLC,AVT008,5G21A6P06L4100060,0,0,0,0,0,0,224.47621,652.5301514,1247.816896,1207.274913,734.6940386,1684.833927,866.1266363,6617.752772
CRUISE LLC,AVT008,5G21A6P05L4100180,0,0,0,0,0,0,0,0,3.53431325,116.1804487,65.62451157,1676.699791,1117.510247,2979.549312
CRUISE LLC,AVT008,5G21A6P01L4100032,1,0,0,0,0,0,169.9958448,1045.080412,1443.616188,848.6505922,905.3209654,1665.896193,339.7543525,6418.314549
CRUISE LLC,AVT008,5G21A6P01L4100130,0,0,0,0,0,0,0,0,445.3629888,815.73994,741.5241158,679.4214118,1660.121806,4342.170262
CRUISE LLC,AVT008,5G21A6P02L4100136,0,0,0,0,0,0,0,382.1272318,907.8253409,965.7755346,481.1844542,351.2516022,1649.474681,4737.638845
CRUISE LLC,AVT008,5G21A6P02L4100086,0,0,0,0,0,0,0,0,858.0849926,1081.20716,1074.750686,1638.651545,1597.703263,6250.397646
CRUISE LLC,AVT008,5G21A6P09L4100120,0,0,0,0,0,0,0,0,227.6322511,1089.448831,572.0763221,1617.56044,1351.826046,4858.543889
CRUISE LLC,AVT008,5G21A6P00L4100071,0,0,0,0,0,0,25.44040579,640.339757,507.910238,876.2673944,1599.902105,1469.598524,847.7834936,5967.241918
CRUISE LLC,AVT008,5G21A6P03L4100162,0,0,0,0,0,0,0,46.91810053,1587.248642,1225.123353,1402.596031,1592.702712,0,5854.588839
CRUISE LLC,AVT008,5G21A6P07L4100004,0,0,0,0,0,0,9.785427174,0,0,0,776.4394466,377.0578219,1591.957226,2755.239922
CRUISE LLC,AVT008,5G21A6P08L4100173,0,0,0,0,0,0,0,62.62708165,1259.649668,1588.915928,888.8243544,0,0,3800.017032
CRUISE LLC,AVT008,5G21A6P06L4100026,0,0,0,0,0,0,25.2531527,1252.399023,1585.774226,940.040087,1132.050438,953.4533445,284.7761407,6173.746412
CRUISE LLC,AVT008,5G21A6P05L4100132,1,0,0,0,0,0,0,416.4632949,1400.107029,880.3131494,580.7854502,1493.495204,1566.246019,6337.410146
CRUISE LLC,AVT008,5G21A6P00L4100068,0,0,0,0,0,0,55.08500185,1175.984362,1056.534489,824.636845,791.4350691,1552.861753,1051.821789,6508.359309
CRUISE LLC,AVT008,5G21A6P0XL4100143,0,0,0,0,0,0,0,44.06005549,0,587.4894933,957.177202,1548.313808,1117.339032,4254.379591
CRUISE LLC,AVT008,5G21A6P01L4100046,1,0,0,0,0,0,127.8520907,925.2641421,1115.227516,1537.384404,773.519554,816.9691896,459.278292,5755.495188
CRUISE LLC,AVT008,5G21A6P02L4100122,0,0,0,0,0,0,0,0,755.9134256,982.7665466,1136.535597,1241.837714,1532.245021,5649.298305
CRUISE LLC,AVT008,5G21A6P02L4100010,0,0,0,0,0,348.446128,207.3384545,891.9708036,1368.354186,1518.451037,517.568575,216.2949617,819.7102726,5888.134418
CRUISE LLC,AVT008,5G21A6P02L4100167,1,0,0,0,0,0,0,33.57451631,1504.312832,1423.763092,892.5329787,0,0,3854.183419
CRUISE LLC,AVT008,5G21A6P06L4100057,0,0,0,0,0,0,96.35575492,1316.064605,1419.86463,1483.981668,275.8525311,58.60897512,587.6722706,5238.400435
CRUISE LLC,AVT008,5G21A6P07L4100066,0,0,0,0,0,0,46.92922073,896.2524259,660.7918243,913.4387244,966.9082724,957.7182412,1478.120678,5920.159387
CRUISE LLC,AVT008,5G21A6P05L4100129,0,0,0,0,0,0,0,0,1440.368372,1092.970131,389.0627805,1318.170988,1449.040177,5689.612449
CRUISE LLC,AVT008,5G21A6P00L4100104,0,0,0,0,0,0,0,0,501.8653044,0,0,46.24373148,1447.56942,1995.678455
CRUISE LLC,AVT008,5G21A6P07L4100178,0,0,0,0,0,0,0,0,51.37870547,740.4962911,505.8082051,836.7779091,1444.40178,3578.862891
CRUISE LLC,AVT008,5G21A6P07L4100049,1,0,0,0,0,5.739651167,10.62531636,1247.822531,1315.316794,1039.341608,1030.249013,1435.898401,1402.976447,7487.969762
CRUISE LLC,AVT008,5G21A6P0XL4100014,0,0,0,0,0,148.8998097,59.28400451,261.8917638,593.6222526,705.2763423,505.9786315,1433.698732,1193.253024,4901.90456
CRUISE LLC,AVT008,5G21A6P03L4100047,1,0,0,0,0,0,253.3897304,928.8742412,1191.019797,1091.382827,475.7277386,1431.944136,1121.666261,6494.004732
CRUISE LLC,AVT008,5G21A6P02L4100041,1,0,0,0,0,0,156.4198184,1005.771323,1381.612932,780.1867815,1005.540194,1407.959511,1055.959429,6793.449989
CRUISE LLC,AVT008,5G21A6P0XL4100160,0,0,0,0,0,0,0,0,66.72775798,820.9354198,565.390687,1343.532214,1242.807199,4039.393278
CRUISE LLC,AVT008,5G21A6P05L4100177,0,0,0,0,0,0,0,0,1341.544911,1263.101277,975.6914408,1042.911498,819.5020648,5442.751192
CRUISE LLC,AVT008,5G21A6P02L4100072,0,0,0,0,0,0,142.6355857,262.2560161,693.2757653,691.5020534,1327.576468,606.192496,713.3175703,4436.755955
CRUISE LLC,AVT008,5G21A6P05L4100115,0,0,0,0,0,0,0,56.15024348,1326.413997,0,0,0,666.5880387,2049.152279
CRUISE LLC,AVT008,5G21A6P04L4100168,0,0,0,0,0,0,0,163.0537666,846.6981794,0,0,549.0822301,1305.391123,2864.225299
CRUISE LLC,AVT008,5G21A6P09L4100053,0,0,0,0,0,0,119.0314376,13.69686986,107.9511823,1299.778117,367.833554,740.2370611,500.8606087,3149.388831
CRUISE LLC,AVT008,5G21A6P04L4100171,0,0,0,0,0,0,0,0,4.665551,877.3392785,647.1096516,605.3457693,1285.485125,3419.945376
CRUISE LLC,AVT008,5G21A6P00L4100118,1,0,0,0,0,0,0,0,34.86525573,647.5986157,696.1888761,1283.215543,1218.984274,3880.852565
CRUISE LLC,AVT008,5G21A6P06L4100169,0,0,0,0,0,0,0,0,84.39949044,396.7367189,1258.775208,473.9119448,1282.709726,3496.533088
CRUISE LLC,AVT008,5G21A6P0XL4100076,0,0,0,0,0,0,62.05707748,909.7680927,1275.165797,896.1680934,1017.744977,1083.110054,712.32851,5956.342602
CRUISE LLC,AVT008,5G21A6P05L4100017,1,0,0,0,0,18.00396804,659.6531428,6.950549897,5.448004625,1100.692583,1259.801967,1087.828628,1167.33857,5305.717413
CRUISE LLC,AVT008,5G21A6P00L4100040,1,0,0,0,0,0,347.3552206,166.634552,74.70126469,314.9292004,468.5661219,1245.659837,1050.818927,3668.665124
CRUISE LLC,AVT008,5G21A6P03L4100193,0,0,0,0,0,0,0,0,0,0,67.48856922,182.9447178,1240.527948,1490.961235
CRUISE LLC,AVT008,5G21A6P07L4100164,0,0,0,0,0,0,0,0,792.9885494,1042.210083,1085.405722,200.6212154,1215.894638,4337.120208
CRUISE LLC,AVT008,5G21A6S08K40059EX,0,0,0,187.8929876,947.6925235,901.725331,1197.590357,761.5863889,0,0,0,0,0,3996.487588
CRUISE LLC,AVT008,5G21A6P09L4100182,0,0,0,0,0,0,0,0,2.313171118,831.2992111,1194.901488,63.70921285,465.3943232,2557.617406
CRUISE LLC,AVT008,5G21A6P03L4100176,0,0,0,0,0,0,0,0,75.68069227,456.0106064,290.7014427,1184.923701,797.000567,2804.317009
CRUISE LLC,AVT008,5G21A6P01L4100015,0,0,0,0,0,66.20897656,894.7971009,705.2275925,1184.322536,1157.547773,0,0,0,4008.103979
CRUISE LLC,AVT008,5G21A6P06L4100043,0,0,0,0,0,4.465474247,7.106647026,54.73961722,0,393.8213685,536.7043342,1179.260303,891.9986757,3068.09642
CRUISE LLC,AVT008,5G21A6P03L4100159,0,0,0,0,0,0,0,0,924.5106879,1073.773535,482.6282816,895.9634419,1172.749429,4549.625375
CRUISE LLC,AVT008,5G21A6P08L4100030,0,0,0,0,0,7.563155088,233.4349867,1162.647342,75.54285294,198.538239,1048.412673,0,0,2726.139249
CRUISE LLC,AVT008,5G21A6P08L4100139,0,0,0,0,0,0,0,0,0,1016.793594,1094.568704,413.7561649,486.0031646,3011.121627
CRUISE LLC,AVT008,5G21A6P04L4100185,0,0,0,0,0,0,0,0,0,0,55.00259925,150.3505274,1083.301472,1288.654599
CRUISE LLC,AVT008,5G21A6P09L4100070,1,0,0,0,0,0,114.3873921,742.0107966,1079.541627,878.0205393,1063.998956,754.1446607,0,4632.103972
CRUISE LLC,AVT008,5G21A6P03L4100078,0,0,0,0,0,0,175.8496564,0.254279158,0.006973794,1025.223277,130.1896638,382.3284928,161.8273286,1875.679672
CRUISE LLC,AVT008,5G21A6P07L4100102,0,0,0,0,0,0,0,11.34963172,933.0728783,510.9739128,659.1334544,1024.665672,722.1607672,3861.356316
CRUISE LLC,AVT008,5G21A6P09L4100134,0,0,0,0,0,0,0,85.26367818,15.5547901,652.3543364,989.6768626,342.1915152,470.6461634,2555.687346
CRUISE LLC,AVT008,5G21A6P0XL4100174,0,0,0,0,0,0,0,0,4.133527352,352.3165873,922.6809157,237.1959229,0,1516.326953
CRUISE LLC,AVT008,5G21A6P0XL4100059,0,0,0,0,0,0,457.2543656,292.5879701,143.5199062,907.8301882,595.9890691,352.6739324,547.2013952,3297.056827
CRUISE LLC,AVT008,5G21A6P08L4100044,0,0,0,0,0,0,196.4975639,900.2963887,49.53786086,286.507622,123.9737309,155.0210004,394.9329985,2106.767165
CRUISE LLC,AVT008,5G21A6P0XL4100188,0,0,0,0,0,0,0,0,0,0,71.71810521,4.957682287,897.162834,973.8386215
CRUISE LLC,AVT008,5G21A6P03L4100050,0,0,0,0,0,0,0,10.32425677,189.8114521,893.6298789,289.3773314,784.211176,525.7882241,2693.142319
CRUISE LLC,AVT008,5G21A6P00L4100166,0,0,0,0,0,0,0,0,0,324.8400799,838.4812057,890.5155947,634.7510824,2688.587963
CRUISE LLC,AVT008,5G21A6P02L4100184,0,0,0,0,0,0,0,0,0,0,56.46856192,175.3657667,881.4501161,1113.284445
CRUISE LLC,AVT008,5G21A6P09L4100084,3,0,0,0,0,0,0,61.08441716,76.04412192,643.0177226,629.5020403,400.9197696,863.2769555,2673.845027
CRUISE LLC,AVT008,5G21A6P09L4100117,0,0,0,0,0,0,0,40.25351088,136.6809028,66.83867122,502.3494957,525.3520422,824.7011851,2096.175808
CRUISE LLC,AVT008,5G21A6P08L4100125,0,0,0,0,0,0,0,74.17747014,148.5276222,625.0619254,138.8185092,101.3753486,820.5440637,1908.504939
CRUISE LLC,AVT008,5G21A6P09L4100067,0,0,0,0,0,0,0,0,122.0420205,588.3803089,803.0448577,165.5131179,201.7875434,1880.767848
CRUISE LLC,AVT008,5G21A6P00L4100023,0,0,0,0,0,0,103.59529,62.06379673,56.0460126,274.8999083,471.625672,620.2647355,715.5884981,2304.083913
CRUISE LLC,AVT008,5G21A6P07L4100021,0,0,0,0,0,97.71154298,204.2257115,0,27.80509928,302.9408918,36.26288493,704.8886529,221.8101271,1595.64491
CRUISE LLC,AVT008,5G21A6P04L4100025,0,0,0,0,0,6.948613378,207.6008231,412.1974053,146.9889553,651.7126679,359.3647151,288.5646761,0,2073.377856
CRUISE LLC,AVT008,5G21A6P0XL4100191,0,0,0,0,0,0,0,0,0,0,56.10079961,632.5360085,556.7741336,1245.410942
CRUISE LLC,AVT008,5G21A6P02L4100170,0,0,0,0,0,0,0,0,200.0884412,366.1687726,529.9527657,617.826073,165.3331083,1879.369161
CRUISE LLC,AVT008,5G21A6P04L4100008,0,0,0,0,0,117.3252747,263.9899388,33.8338608,590.3333045,70.56507306,198.7233036,501.6310738,157.4984729,1933.900302
CRUISE LLC,AVT008,5G21A6P01L4100063,0,0,0,0,0,0,105.0331331,67.02035549,0,584.7298392,95.71286493,320.5667527,356.9307522,1529.993698
CRUISE LLC,AVT008,5G21A6P04L4100140,0,0,0,0,0,0,0,59.70717681,25.24498318,544.6314378,162.5279664,581.2213813,327.3990705,1700.732016
CRUISE LLC,AVT008,5G21A6P01L4100192,0,0,0,0,0,0,0,0,0,0,50.77167325,0,576.6121524,627.3838257
CRUISE LLC,AVT008,5G21A6P05L4100082,0,0,0,0,0,0,0,0,181.8024904,139.5597491,307.6767076,257.6727181,549.1149679,1435.826633
CRUISE LLC,AVT008,5G21A6P06L4100012,0,0,0,0,0,101.2731143,302.1112968,0,0,188.5192434,544.1084134,0,0,1136.012068
CRUISE LLC,AVT008,5G21A6P00L4100183,0,0,0,0,0,0,0,0,0,524.9856112,6.446951961,195.6566948,68.33957383,795.4288317
CRUISE LLC,AVT008,5G21A6S04K40070EX,0,0,375.585153,524.338053,401.9384323,377.0993594,273.0079018,189.06585,328.4459035,150.7755903,0,0,0,2620.256243
CRUISE LLC,AVT008,5G21A6P09L4100036,0,0,0,0,0,5.213974739,40.66495465,482.9811094,463.0645028,517.6291996,0,0,0,1509.553741
CRUISE LLC,AVT008,5G21A6P05L4100003,0,0,0,0,0,14.4520691,49.10996004,4.23335174,196.5276655,407.5786125,206.3971439,513.0480083,5.407098411,1396.753909
CRUISE LLC,AVT008,5G21A6P08L4100075,1,0,0,0,0,0,154.0615014,0,232.1274782,500.8822931,305.3912586,382.6436187,326.0178308,1901.123981
CRUISE LLC,AVT008,5G21A6P00L4100006,0,0,0,0,0,106.9398627,17.44106707,343.3399647,251.4945125,358.0594931,190.3435236,496.3657878,317.0879623,2081.072174
CRUISE LLC,AVT008,5G21A6P04L4100042,0,0,0,0,0,5.140269731,148.9133256,0,0,168.8856985,202.3189926,261.4313554,473.3326082,1260.02225
CRUISE LLC,AVT008,5G21A6P07L4100035,0,0,0,0,0,213.762642,181.2054573,0,3.613101278,0.900962433,454.1811699,368.0249891,172.644205,1394.332527
CRUISE LLC,AVT008,5G21A6S02L40029EX,1,0,333.5023014,240.9654305,41.00083839,443.8267765,37.38038302,78.43538829,21.27497363,32.64415742,0,0,0,1229.030249
CRUISE LLC,AVT008,5G21A6P06L4100141,0,0,0,0,0,0,0,66.30088293,0,12.08634215,336.7257377,0,438.5260403,853.6390031
CRUISE LLC,AVT008,5G21A6P01L4100077,0,0,0,0,0,0,62.40721117,152.5866066,195.0057772,364.6397678,434.8009734,83.36485436,42.75479144,1335.559982
CRUISE LLC,AVT008,5G21A6P00L4100135,1,0,0,0,0,0,0,58.8714332,261.5845007,41.78060773,150.527487,431.9055012,69.37939236,1014.048922
CRUISE LLC,AVT008,5G21A6S01K40072EX,1,0,18.47781355,428.8814967,84.26956154,381.5701028,228.5329764,179.7618486,0,0,0,0,0,1321.4938
CRUISE LLC,AVT008,5G21A6P09L4100022,0,0,0,0,0,0,135.5559614,428.1626954,0,0,0,0,0,563.7186567
CRUISE LLC,AVT008,5G21A6P09L4100005,0,0,0,0,0,108.0614382,209.8672796,56.5424614,415.8234961,0,117.3902138,54.00952284,158.6462977,1120.34071
CRUISE LLC,AVT008,5G21A6S01K40118EX,0,0,0,0,0,4.99168487,394.1739015,134.3238888,0,0,0,0,0,533.4894751
CRUISE LLC,AVT008,5G21A6P01L4100127,0,0,0,0,0,0,0,0,0,0,0,61.34169117,340.973081,402.3147721
CRUISE LLC,AVT008,5G21A6P05L4100020,0,0,0,0,0,4.44887064,163.1941406,0,12.13771688,4.250886619,307.4175987,340.5322519,259.7593525,1091.740818
CRUISE LLC,AVT008,5G21A6P06L4100186,0,0,0,0,0,0,0,0,0,0,0,60.53093324,314.3783969,374.9093301
CRUISE LLC,AVT008,5G21A6P04L4100011,0,0,0,0,0,128.6213433,301.0480347,55.91266965,293.8088283,116.2036279,313.8843063,0,5.486015348,1214.964825
CRUISE LLC,AVT008,5G21A6P04L4100123,0,0,0,0,0,0,0,55.14801607,4.62334547,176.0742807,23.6652423,295.0827179,0,554.5936024
CRUISE LLC,AVT008,5G21A6P05L4100163,0,0,0,0,0,0,0,0,62.05824722,27.39218237,0,118.4765845,281.5347286,489.4617427
CRUISE LLC,AVT008,5G21A6P07L4100133,0,0,0,0,0,0,0,42.79471428,146.8855726,256.8934852,2.972256474,0,0,449.5460285
CRUISE LLC,AVT008,5G21A6S05L40027EX,0,0,256.2237161,236.211891,75.33193438,51.40727288,0,0,61.2653172,0,0,0,0,680.4401316
CRUISE LLC,AVT008,5G21A6P05L4100051,0,0,0,0,0,0,8.549633396,33.81781142,253.8215223,109.753538,125.793555,81.02416303,0,612.7602231
CRUISE LLC,AVT008,5G21A6P06L4100009,0,0,0,0,0,3.874166398,216.7730118,0,0,0,0,0,0,220.6471782
CRUISE LLC,AVT008,5G21A6P08L4100013,0,0,0,0,0,170.5734938,214.4230777,23.94062907,0,0,0,0,0,408.9372006
CRUISE LLC,AVT008,5G21A6P01L4100189,0,0,0,0,0,0,0,0,0,0,130.0772225,0,210.2939345,340.371157
CRUISE LLC,AVT008,5G21A6P0XL4100062,0,0,0,0,0,0,203.5404669,88.25722621,88.78966983,95.00883428,190.0414103,0,66.98829112,732.6258986
CRUISE LLC,AVT008,5G21A6P04L4100039,0,0,0,0,0,0,163.699636,0,0,5.593585873,0,0,5.731005185,175.0242271
CRUISE LLC,AVT008,5G21A6S03K40026EX,0,0,0,0,0,89.60419517,162.9397548,0,0,0,0,0,0,252.54395
CRUISE LLC,AVT008,5G21A6P00L4100054,0,0,0,0,0,0.459456914,154.1619002,0,0,0,0,0,0,154.6213571
CRUISE LLC,AVT008,5G21A6P05L4100065,0,0,0,0,0,0,140.1798607,0,0,0,0,126.5587862,0,266.7386469
CRUISE LLC,AVT008,5G21A6P01L4100161,0,0,0,0,0,0,0,11.41160193,118.9018538,0,0,6.051912605,0,136.3653683
CRUISE LLC,AVT008,5G21A6P08L4100187,1,0,0,0,0,0,0,0,0,0,105.3599807,0,0,105.3599807
CRUISE LLC,AVT008,5G21A6P03L4100128,0,0,0,0,0,0,0,13.20564779,0,8.186401844,39.90975768,0,0,61.30180731
CRUISE LLC,AVT008,5G21A6P03L4100064,0,0,0,0,0,0,197.3885068,32.29370964,1.948756842,6.409707568,0,0,0,238.0406808
CRUISE LLC,AVT008,5G21A6P08L4100089,0,0,0,0,0,0,0,0,0,14.43241133,0,0,0,14.43241133
CRUISE LLC,AVT008,5G21A6S04L40001EX,0,0,0,0,0,0,0,0,0,5.409599537,0,0,0,5.409599537
CRUISE LLC,AVT008,5G21A6S07K40033EX,0,0,0,0,0,0,0,0,0,0,0,0,0,0
CRUISE LLC,AVT008,5G21A6S08K40088EX,0,0,0,0,0,0,0,0,0,0,0,0,0,0
Drive.ai Inc,AVT013,699089,1,413.906,518.115,210.339,143.552,207.575,0.5242,0,0,0,0,0,0,1494.0112
Drive.ai Inc,AVT013,698790,6,0,0,111.358,209.21,60.247,0,0,0,0,0,0,0,380.815
Drive.ai Inc,AVT013,698735,14,358.908,284.565,162.962,3.381,52.019,0,0,0,0,0,0,0,861.835
Drive.ai Inc,AVT013,699040,21,0,0,143.393,92.003,70.986,0,0,0,0,0,0,0,306.382
Drive.ai Inc,AVT013,698704,6,0,30.412,132.42,38.739,26.973,0,0,0,0,0,0,0,228.544
Drive.ai Inc,AVT013,699035,7,0,194.425,155.432,182.839,0,0,0,0,0,0,0,0,532.696
Drive.ai Inc,AVT013,700664,0,0,0,0,52.933,14.091,0,0,0,0,0,0,0,67.024
Drive.ai Inc,AVT013,699037,20,0,0,0,2.552,100.398,0,0,0,0,0,0,0,102.95
Lyft,AVT045,3FA6P0RUXJR158090,91,117.05,111.75,49.38,66.66,30.09,0,0,66.32,232.67,477.37,543.91,194.16,1889.33
Lyft,AVT045,3FA6P0RU2JR144443,250,128.61,234.54,214.56,314.26,633.59,330.46,252.99,599.81,603.25,200.67,184.31,5.89,3702.96
Lyft,AVT045,3FA6P0RU7JR157950,109,41.32,72.94,129.04,183.49,45.72,89.11,100.05,17.63,0,149.34,545.17,67.3,1441.11
Lyft,AVT045,3FA6P0RU0HR408592,144,80.81,149.05,449.34,191.91,96.47,189.5,376.14,426.48,359.93,106.04,127.82,426.44,2979.93
Lyft,AVT045,3FA6P0RU2JR203832,22,0,30.3,0,5.6,0,0,77.23,172.57,160.88,41.91,519.11,136.51,1144.1
Lyft,AVT045,3FA6P0RU0JR149057,136,0,37.74,0,0,468.26,159.53,0,208.32,261.11,294.13,183.38,173.6,1786.08
Lyft,AVT045,3FA6P0RU2JR158004,52,0,4.74,4.81,347.51,51.76,57.26,112.96,82.58,191.63,105.54,61.07,247.55,1267.41
Lyft,AVT045,3FA6P0RU0JR149687,209,0,170.07,384.25,138.03,611.32,563.74,427.77,558.17,453.46,462.23,0,387.47,4156.5
Lyft,AVT045,3FA6P0RU1KR135962,34,0,0,5.05,4.74,10.57,10.66,0,88.71,294.86,255.64,539.2,145.57,1355
Lyft,AVT045,3FA6P0RU1HR350928,90,0,0,89.56,115.66,95.23,474.99,277.64,361.64,575.61,246.7,51.85,0,2288.88
Lyft,AVT045,3FA6P0RU2JR120045,68,0,0,4.54,19.13,306.17,205.26,409.7,314.35,306.39,0,378.5,458.82,2402.86
Lyft,AVT045,3FA6P0RU9KR115555,31,0,0,4.21,0,12.18,0,152.64,161.48,383.97,289.48,291.62,5.28,1300.85
Lyft,AVT045,3FA6P0RU1KR135721,189,0,0,0,255.92,706.48,1116.38,602.79,840.64,967.34,557.53,822.51,194.79,6064.4
Lyft,AVT045,3FA6P0RU3JR214046,65,0,0,0,44.5,395.24,97.48,404.63,0,481.42,504.07,690.36,161.1,2778.79
Lyft,AVT045,3FA6P0RU2KR104428,41,0,0,0,0,8.22,372.9,229.38,331.01,35.46,0,3.37,17.24,997.57
Lyft,AVT045,3FA6P0RU7KR136100,56,0,0,0,0,0,22.51,142.75,760.66,640.82,339.68,181.44,443.51,2531.37
Lyft,AVT045,3FA6P0RUXKR136012,44,0,0,0,0,0,60.63,111.85,483.48,299.48,266.31,426.67,563.03,2211.46
Lyft,AVT045,3FA6P0RU5JR274913,28,0,0,0,0,0,81.01,245.52,163.61,380.56,281.71,31.42,250.23,1434.05
Lyft,AVT045,3FA6P0RU3HR399516,8,0,0,0,0,0,0,0,0,0,134.48,543.15,520.68,1198.31
"Mercedes0Benz Research & Development North America, Inc.",AVT002,WDD2221351a412016,84,0,0,0,0,530.697,0,582.991,294.443,638.303,0,0,0,2046.434
"Mercedes0Benz Research & Development North America, Inc.",AVT002,WDD2221861A417296,66,0,0,0,0,555.733,75.8352,376.767,413.299,0,0,0,0,1421.6342
"Mercedes0Benz Research & Development North America, Inc.",AVT002,WDDUG8GB3JA40527,33,0,0,0,0,0,0,0,0,0,84.5065,511.82,298.258,894.5845
"Mercedes0Benz Research & Development North America, Inc.",AVT002,WDDUG8GB9KA43945,0,0,0,0,0,0,0,0,0,0,0,0,0,0
"Mercedes0Benz Research & Development North America, Inc.",AVT002,WDF44781313024180,72,2.36107,10.898,23.7358,0.0521,0,0,0,0,0,0,0,0,37.04697
"Mercedes0Benz Research & Development North America, Inc.",AVT002,WDF44781313024459,93,15.0149,36.9327,0.49597,0,0,0,0,0,0,0,0,0,52.44357
"Mercedes0Benz Research & Development North America, Inc.",AVT002,WDF44781313121649,6,0,0,1.79842,0,0,0,0,0,0,0,0,0,1.79842
"Mercedes0Benz Research & Development North America, Inc.",AVT002,WDF44781313121729,52,10.9644,4.66447,3.86512,4.39624,0,0,0,0,0,0,0,0,23.89023
"Mercedes0Benz Research & Development North America, Inc.",AVT002,WDD2221591A417333,638,0,0,0.91312,32.0837,49.6811,11.0602,61.9762,4.92717,61.2934,179.043,1550.43,1988.87,3940.27789
"Mercedes0Benz Research & Development North America, Inc.",AVT002,WDD222159IA383190,366,0.633,8.95766,15.6052,15.3656,16.1727,1.69974,8.52776,55.186,94.3564,128.807,198.416,779.263,1322.99006
"Mercedes0Benz Research & Development North America, Inc.",AVT002,WDD2221591A411951,0,0,0,0,0,0,0,0,0,0,0,0,0,0
"Mercedes0Benz Research & Development North America, Inc.",AVT002,WDD2221591A417319,72,0,0,0,0,0,0,0,0,0,85.3395,0,141.012,226.3515
"Mercedes0Benz Research & Development North America, Inc.",AVT002,WDD2221591A470796,66,0,0,0,0,0,0,0,0,0,3.39886,6.40896,652.692,662.49982
"Mercedes0Benz Research & Development North America, Inc.",AVT002,WDD2221591A470497,169,0,0,0,0,0,0,0,0,0,0,193.642,852.431,1046.073
"Mercedes0Benz Research & Development North America, Inc.",AVT002,WDD2221591A470500,201,0,0,0,0,0,0,0,0,0,0,297.993,871.535,1169.528
"Mercedes0Benz Research & Development North America, Inc.",AVT002,WDD2221591A470502,125,0,0,0,0,0,0,0,0,0,0,151.857,1106.46,1258.317
"Mercedes0Benz Research & Development North America, Inc.",AVT002,WDD2221591A470147,0,0,0,0,0,0,0,0,0,0,0,0,0,0
"Mercedes0Benz Research & Development North America, Inc.",AVT002,WDD2221591A470238,11,0,0,0,0,0,0,0,0,0,0,0,134.2000733,134.2000733
"Nissan North America, Inc",AVT007,JN1BV7AP1EM685949,2,0,75.8,212.6,48.5,0,0,80.6,35.4,5.5,0,9.1,42.5,510
"Nissan North America, Inc",AVT007,JN1BV7AP3FM349849,4,9.9,29.5,389.4,59.3,0,2,87.3,115.6,0.3,0,30.3,161.8,885.4
"Nissan North America, Inc",AVT007,1N4BZ0CP6GC302978,16,0,58,65,0,157,148,0,30,0,0,0,0,458
"Nissan North America, Inc",AVT007,1N4BZ0CP6GC311826,25,20,172,65,80,57,0,30,0,0,0,0,0,424
Nullmax,AVT038,3LN6L5LU2HR636388,70,229,287,267,158,383,372,478,256,0,0,0,0,2430
Nuro,AVT028,1N4AZ0CP0DC413209,3,656.17,600.59,295.49,60.83,0,314.51,460.52,442.84,357.86,0,0,164.92,3353.73
Nuro,AVT028,1N4AZ0CP5DC405932,1,470.61,510.42,137.77,176.65,430.13,71.35,889.91,61.86,147.09,0,0,0,2895.79
Nuro,AVT028,1N4AZ0CP5DC419300,2,724.16,746.03,610.11,48.29,420.86,494.82,0,0,0,0,0,0,3044.27
Nuro,AVT028,1N4AZ0CP6DC412131,2,565.51,337.48,660.66,400.15,462.47,686.22,89.86,0,0,0,0,0,3202.35
Nuro,AVT028,1N4AZ0CP8DC410154,1,227.86,148.89,244.19,360.57,200.78,361.43,497.51,162.97,218.13,0,0,0,2422.33
Nuro,AVT028,JTDKN3DP2D3046050,3,0,0,21.96,87.06,894.18,684.93,0,0,0,0,0,0,1688.13
Nuro,AVT028,JTDKN3DP3D3041696,4,226.79,661.18,737.69,377.66,654.18,545.1,683.63,1117.16,686.53,995.51,572.17,82.89,7340.49
Nuro,AVT028,JTDKN3DP4F3074838,5,0,35.8,244.32,0,292.68,561.17,169.51,1523.72,611.73,440.73,1003.27,433.07,5316
Nuro,AVT028,JTDKN3DP6D3042602,4,0,0,0,61.17,858.97,786.41,954.02,1073.93,983.06,1345.86,1767.64,1328.76,9159.82
Nuro,AVT028,JTDKN3DP8C3004514,1,0,0,0,0,0,0,34.14,142.65,0,0,0,0,176.79
Nuro,AVT028,JTDKN3DPXE3050185,8,431.93,715.58,528.53,360.4,767.8,453.66,1217.13,1520.94,1468.11,397.61,1433.29,813.52,10108.5
Nuro,AVT028,JTDKN3DP5D3048682,0,0,0,0,0,0,0,45.6,537.92,0,0,0,0,583.52
Nuro,AVT028,JTDKN3DP0C3001431,0,0,0,0,0,3.71,0,0,0,0,0,0,0,3.71
Nuro,AVT028,JTDKN3DP6C3015592,0,5.09,8.34,48.41,0,0,0,0,0,0,0,0,0,61.84
Nuro,AVT028,JTDKN3DP3C3011760,0,0,0,0,0,0,0,0,684.89,1460.79,1325.56,1554.68,1398.12,6424.04
Nuro,AVT028,JTDKN3DP6D3041904,0,0,162.45,0,0,0,0,0,0,0,0,0,0,162.45
Nuro,AVT028,JTDKN3DP1F3075106,0,199.08,0,0,0,0,0,0,0,0,0,0,0,199.08
Nuro,AVT028,JTDKN3DP7F3075160,0,0,201.75,0,0,0,0,0,0,0,0,0,0,201.75
Nuro,AVT028,JTDKN3DP3C3008020,0,0,16.44,0,0,0,0,0,0,0,0,0,0,16.44
Nuro,AVT028,JTDKN3DP3C3016862,0,0,415.4,48.45,0,0,0,0,0,0,0,0,0,463.85
Nuro,AVT028,JTDKN3DP8C3007199,0,0,0,209.78,0,0,1.6,0,0,0,0,0,0,211.38
Nuro,AVT028,JTDKN3DP3C3006610,0,0,45.4,59.23,0,0,0,0,0,0,0,0,0,104.63
Nuro,AVT028,JTDKN3DP5C3015597,0,0,0,0,0,614.77,431.72,0,0,0,0,0,0,1046.49
Nuro,AVT028,JTDKN3DP3D3041035,0,0,0,0,0,0,0,0,0,486.72,0.12,704.36,0,1191.2
Nuro,AVT028,JTDKN3DP3C3020295,0,0,0,0,0,0,0,0,0,0,0,154.07,64.6,218.67
Nuro,AVT028,JTDKN3DP0C3014583,0,0,0,0,0,0,0,0,0,0,0,0,325.78,325.78
Nuro,AVT028,JTDKN3DP8D3041242,0,0,0,0,0,0,0,0,0,0,1012.68,854.53,172.64,2039.85
Nuro,AVT028,JTDKN3DPXF3070616,0,0,0,0,0,0,0,0,0,0,0,0,497.33,497.33
Nuro,AVT028,JTDKN3DP2C3011362,0,0,0,0,0,0,0,0,0,0,25.56,1113.38,1593.05,2731.99
Nuro,AVT028,JTDKN3DP2C3004167,0,0,0,0,0,0,0,0,0,0,0,0,592.27,592.27
Nuro,AVT028,JTDKN3DP5C3006401,0,0,0,0,0,0,0,0,0,0,0,179.77,1624.43,1804.2
Nuro,AVT028,JTDKN3DPXC3004725,0,0,0,0,0,0,0,0,0,0,0,0.44,1169.01,1169.45
Nuro,AVT028,JTDKN3DP1C3010476,0,0,0,0,0,0,0,0,0,0,0,0,3.82,3.82
NVIDIA,AVT020,3FA6P0RU2HR275155,41,71,0,0,53,48,0,0,0,0,0,99,43,314
NVIDIA,AVT020,3FA6P0RU2HR403815,11,49,0,0,0,0,66,0,0,28,28,22,0,193
NVIDIA,AVT020,3FA6P0RU6HR272968,213,45,207,164,259,260,94,0,0,0,229,568,22,1848
NVIDIA,AVT020,3FA6P0RU7JR158970,84,0,16,97,91,62,89,0,0,3,41,40,0,439
NVIDIA,AVT020,3FA6P0RU8HR259624,89,0,84,46,26,426,241,0,0,141,161,52,240,1417
NVIDIA,AVT020,3FA6P0RU8HR313178,5,0,0,0,0,3,64,0,0,0,0,0,0,67
NVIDIA,AVT020,3FA6P0RU9JR158968,65,0,0,0,30,22,0,321,0,134,134,130,85,856
NVIDIA,AVT020,3FA6P0RUXHR247670,1,0,0,0,0,0,3,72,0,42,0,0,0,117
NVIDIA,AVT020,3FA6PORU8HR293837,97,140,0,0,0,335,249,0,0,14,442,217,29,1426
NVIDIA,AVT020,3FA6PORUOJR158969,49,0,0,51,265,18,90,0,0,36,35,46,0,541
"Phantom AI, Inc. ",AVT046,KMHGN4JE4HU177491,43,0,0,0,255,261,290,319,0,0,0,0,0,1125
"PlusAI, Inc.",AVT027,3LN6L5MUXHR610667,2,918,331,249,21,298,63,0,0,0,0,0,0,1880
"PlusAI, Inc.",AVT027,KNDJN2A23H7469555,0,0,0,0,0,0,0,0,0,0,0,0,0,0
"PONY.AI, INC.",AVT032,3LN6L5LU6HR626768,1,1626,1226,1201,1630,1863,1445,1845,2551,1440,2258,2809,2219.71,22113.71
"PONY.AI, INC.",AVT032,3LN6L5LU3JR627494,5,773,1062,1033,1230,1410,1669,1952,2622,1190,1946,2650,2369.45,19906.45
"PONY.AI, INC.",AVT032,3LN6L5LU5JR626122,3,545,722,267,854,1501,1513,652,724,951,1131,2002,2384.09,13246.09
"PONY.AI, INC.",AVT032,3LN6L5MU9KR623692,0,0,0,0,0,0,0,0,0,30,0,15,1061.46,1106.46
"PONY.AI, INC.",AVT032,3LN6L5MU3KR620979,0,0,0,0,0,0,0,0,0,67,514,2177,2216.95,4974.95
"PONY.AI, INC.",AVT032,JTDKARFU5J3549486,0,0,0,0,0,0,824,1620,885,193,185,399,216.06,4322.06
"PONY.AI, INC.",AVT032,JTDKARFU2J3060995,0,0,0,0,0,0,0,0,0,0,0,132,713.56,845.56
"PONY.AI, INC.",AVT032,KM8K23AG4KU030836,3,0,0,0,0,0,0,0,1053,1128,1238,1814,1748.71,6981.71
"PONY.AI, INC.",AVT032,KM8K23AG4KU030822,2,0,0,0,0,0,0,0,73,1368,991,1665,1491.41,5588.41
"PONY.AI, INC.",AVT032,KM8K23AG7KU030894,1,0,0,0,0,0,0,0,10,1260,1557,1213,1663.18,5703.18
"PONY.AI, INC.",AVT032,KM8K23AG0KU030901,1,0,0,0,0,0,0,0,0,766,773,1913,1470.28,4922.28
"PONY.AI, INC.",AVT032,KM8K23AG5KU030909,1,0,0,0,0,0,0,0,0,1093,1299,1574,1752.82,5718.82
"PONY.AI, INC.",AVT032,KM8K23AG2KU030916,1,0,0,0,0,0,0,0,0,877,1262,1835,1915.55,5889.55
"PONY.AI, INC.",AVT032,KM8K23AG9KU030248,1,0,0,0,0,0,0,0,0,612,1211,1870,1946.62,5639.62
"PONY.AI, INC.",AVT032,KM8K23AG7KU030829,0,0,0,0,0,0,0,0,0,153,1225,1239,1541.94,4158.94
"PONY.AI, INC.",AVT032,KM8K23AG6KU030241,1,0,0,0,0,0,0,0,0,151,1084,1763,1633.99,4631.99
"PONY.AI, INC.",AVT032,KM8K23AG6KU030255,0,0,0,0,0,0,0,0,0,0,575,1428,1471.27,3474.27
"PONY.AI, INC.",AVT032,KM8K51AG2JU000115,0,0,0,0,0,0,10,54,0,0,0,0,0,64
"PONY.AI, INC.",AVT032,KM8K31AG8JU000075,1,0,0,0,0,0,0,20,322,556,41,19,0,958
"PONY.AI, INC.",AVT032,3LN6L5MU0JR608710,2,637,1569,1475,1359,1787,1279,1152,1317,832,2102,2557,2002.05,18068.05
"PONY.AI, INC.",AVT032,3LN6L5MU5HR634813,1,816,1241,949,1159,1419,1117,1506,2294,1642,1903,2923,1959.71,18928.71
"PONY.AI, INC.",AVT032,3LN6L5LU5JR601477,3,1103,1665,1279,693,1370,1281,866,409,1801,2239,2472,2424.48,17602.48
"Qualcomm Technologies, Inc.",AVT047,3LN6L5LU9HR650658,21,71.24,31.99,84.24,18.94,0,0,0,55.62,168.61,119.65,0,35.44,585.73
"Qualcomm Technologies, Inc.",AVT047,3LN6L5LU0HR663007,12,0,0,0,0,0,46.37,0.4,0,0,27.84,239.14,42.99,356.74
"Qualcomm Technologies, Inc.",AVT047,3LN6L5MU1JR627234,4,4.08,0.11,113.53,263.16,295.12,224.43,62.75,62.82,81.9,85.37,28.45,0,1221.72
SAIC Innovation Center,AVT035,LSJA24W95ES064170,25,76.3,58.24,40.14,16.66,2.61,0,0,0,0,0,0,0,193.95
SAIC Innovation Center,AVT035,52CG6AGA5J5018283,3,9.49,22.02,25.25,0,0,21.84,29.57,29.55,53.22,13.06,0,0,204
SAIC Innovation Center,AVT035,52CG6AGA7J5018284,3,0,0,0.91,9.35,97.9,46.29,0,0,0,0,0,0,154.45
SAIC Innovation Center,AVT035,2C4RC1N74JR214460,9,0,0,0,0,0,0,0,0,12.34,112.29,636.28,916.35,1677.26
"SF Motors, Inc.",AVT049,3LN6L5MU5HR665513,74,93.86,45.1,29.68,44.2,15.24,9.9,90.5,0,45.19,163.16,373.2,1917.3,2827.33
"SF Motors, Inc.",AVT049,3LN6L5LU4JR627181,66,0,0,0,30.62,1.2,80.65,0,85.5,50,53.3,20.2,344,665.47
"Telenav, Inc.",AVT019,3LN6L2LU7GR627456,3,2,3,3,2,1,3,2,1,2,1,1,1,22
"Tesla, Inc.",AVT005,5YJ3E1EB0JF086296,0,0,0,0,0,12.2,0,0,0,0,0,0,0,12.2
Toyota Research Institute,AVT050,JTHDU1EF6G5020127,252,95,274,0,0,0,0,0,0,0,0,0,0,369
Toyota Research Institute,AVT050,JTHDU1EFXG5020115,79,0,112,0,0,0,0,0,0,0,0,0,0,112
Toyota Research Institute,AVT050,JTHDU1EF6G5020094,427,0,0,0,0,0,0,20,15,5,16,10,87,153
Toyota Research Institute,AVT050,JTHDU1EF0G5020107,714,0,0,0,0,0,0,0,0,110,60,114,101,385
Toyota Research Institute,AVT050,JTHDU1EF3G5020098,900,0,0,0,0,0,18,82,111,56,102,105,60,534
Toyota Research Institute,AVT050,JTHDU1EF0G5020124,575,0,0,0,0,0,0,0,0,0,33,160,71,264
"Udelv, Inc",AVT029,52CG2DGA6H0015784,0,0,0,0,0,0,0,0,0,0,0,0,0,0
"Udelv, Inc",AVT029,52CG2DGA1H0015787,0,0,0,0,0,0,0,0,0,0,0,0,0,0
"Udelv, Inc",AVT029,NM0LE7F71J1361953,0,0,0,0,0,0,0,0,0,0,0,0,0,0
"Udelv, Inc",AVT029,NM0LS7F79J1360493,444,45.5,118.25,62.8,0,0,0,24,98,125,107,66,60,706.55
Valeo North America Inc.,AVT017,SALVN2BG7FH960125,92,0,11.7,35.1,22.1,18.2,0.6,3.1,3.8,3.51,1.45,0,0,99.56
Waymo LLC,AVT003,2C4RC1K77HR534709,0,944.0146955,0,0,0,0,0,0,0,0,0,0,0,944.0146955
Waymo LLC,AVT003,2C4RC1K70HR534647,0,742.2815191,0,0,0,0,0,0,0,0,0,0,0,742.2815191
Waymo LLC,AVT003,2C4RC1K79HR534663,0,1877.267824,0,0,0,0,0,0,0,0,0,0,0,1877.267824
Waymo LLC,AVT003,2C4RC1K79HR534694,0,59.78379336,0,0,0,0,0,0,0,0,0,0,0,59.78379336
Waymo LLC,AVT003,2C4RC1K72HR534679,0,1668.459735,607.9341469,0,0,0,0,0,0,0,0,0,0,2276.393882
Waymo LLC,AVT003,2C4RC1K74HR824227,0,214.2321262,334.7388184,0,0,0,0,0,0,0,0,0,0,548.9709446
Waymo LLC,AVT003,2C4RC1K7XHR534686,0,3387.994544,137.5812818,0,0,0,0,0,0,0,0,0,0,3525.575826
Waymo LLC,AVT003,2C4RC1K7XHR827245,0,4.17389116,2255.124734,998.6048939,0,0,0,0,0,0,0,0,0,3257.903519
Waymo LLC,AVT003,2C4RC1K75HR534689,0,3205.255167,2384.308008,2522.702922,214.2350777,0,0,0,0,0,0,0,0,8326.501175
Waymo LLC,AVT003,2C4RC1K71HR805490,0,592.1560888,2601.499957,2291.23386,2203.069146,2050.947693,0,0,0,0,0,0,0,9738.906745
Waymo LLC,AVT003,2C4RC1K71HR797293,0,2026.652124,405.2351026,377.6579281,962.9472641,1791.701101,0,0,0,0,0,0,0,5564.19352
Waymo LLC,AVT003,2C4RC1K74HR534697,0,0,212.7325487,0,0,0,3.152205252,0,0,0,0,0,0,215.884754
Waymo LLC,AVT003,2C4RC1K71HR534642,0,754.4613879,1306.652777,1333.968801,1060.052525,173.2345247,408.7834889,257.4025563,0,0,0,0,0,5294.556061
Waymo LLC,AVT003,2C4RC1K76HR534684,0,0,0,0,0,0,0,0,0.18702698,0,0,0,0,0.18702698
Waymo LLC,AVT003,2C4RC1K79HR534680,0,1514.518125,0,0,0,109.2066064,787.0939018,2158.862565,61.1949557,0,0,0,0,4630.876154
Waymo LLC,AVT003,2C4RC1K74HR805466,2,1787.101184,2101.605435,1573.417929,2858.62543,893.0111847,2323.665217,2659.560255,2376.16646,2071.340581,2103.455696,456.1320169,0,21204.08139
Waymo LLC,AVT003,2C4RC1K7XHR534641,1,2774.361701,625.4470218,255.2112729,733.517734,2112.482962,3206.775218,921.2921135,3035.760175,850.1554177,2066.058204,766.0560478,0,17347.11787
Waymo LLC,AVT003,2C4RC1K70HR805478,4,2200.331266,2281.044478,1548.813451,2069.806884,2757.441653,2172.644345,1145.876446,973.78736,1568.101744,1596.49342,187.6643842,0,18502.00543
Waymo LLC,AVT003,2C4RC1K7XHR534672,1,0,0,0,0,9.336759168,1797.837499,456.4705842,121.6798439,305.0375433,0,0,0,2690.36223
Waymo LLC,AVT003,2C4RC1K73HR833758,0,686.780208,2093.025706,2010.531945,2639.064082,1696.159581,3.110672698,3.196577479,3.418923285,512.029335,2544.52657,60.71587732,0,12252.55948
Waymo LLC,AVT003,2C4RC1K76HR695701,4,1417.259622,1412.625057,1174.998795,647.4263425,1486.111536,1334.695223,636.1000659,184.7445661,30.24198118,156.6332845,7.280736202,0,8488.117209
Waymo LLC,AVT003,2C4RC1K78HR534640,1,2815.93836,2007.644544,100.9332397,462.7701729,316.5283035,0,0,832.8648949,332.1908111,559.6821368,408.3729168,0,7836.92538
Waymo LLC,AVT003,2C4RC1K71HR534687,1,1307.027987,0,0,0,500.6651919,3607.68072,2575.852362,2678.128985,2409.80428,1307.639337,581.6272882,703.0456895,15671.47184
Waymo LLC,AVT003,2C4RC1K78HR805518,2,1840.320684,1343.955783,2008.042036,2147.42039,1241.81255,439.3863634,958.1516584,1947.589987,0,0,1229.588421,1163.609262,14319.87713
Waymo LLC,AVT003,2C4RC1K70HR797379,2,2213.357631,1179.449433,1181.831707,672.573962,2131.841985,1287.357389,1675.068798,396.4007916,573.4819802,633.9034697,3077.546497,928.7453987,15951.55904
Waymo LLC,AVT003,2C4RC1K76HR534703,1,1555.395355,1297.259355,1802.848279,2400.481663,2219.069358,3051.471653,3256.718717,2699.322971,2306.119173,1111.234985,1255.141685,353.7711733,23308.83437
Waymo LLC,AVT003,2C4RC1K70HR833877,0,4.297351709,0,0,0,0,0,51.74739956,1420.849883,1713.743827,556.745784,347.8234245,731.0032249,4826.210895
Waymo LLC,AVT003,2C4RC1K73HR534660,0,1998.181975,0,0,0,650.999708,1890.655952,2455.264295,2325.610884,3280.561671,1033.746374,1524.193203,620.2282986,15779.44236
Waymo LLC,AVT003,2C4RC1K73HR534674,1,0,0,0,0,0,57.43602346,490.4864416,1080.266762,220.6195894,1026.492413,735.097251,809.7799906,4420.178471
Waymo LLC,AVT003,2C4RC1K78HR833772,1,2301.205134,2602.926908,1446.088521,2300.768309,351.2666,0,0,0,1083.221345,2797.528011,3137.683678,3273.759286,19294.44779
Waymo LLC,AVT003,2C4RC1K76HR534670,0,8.626915381,0,0,0,1073.509395,3056.036537,1997.114183,693.4113736,1346.027688,890.4194763,806.5905154,629.7625176,10501.4986
Waymo LLC,AVT003,2C4RC1K76HR534667,0,0,796.4723924,636.8040128,1613.23125,2119.182087,2539.412281,111.0677483,372.6173835,971.7658357,1486.47878,289.8515975,79.45187468,11016.33524
Waymo LLC,AVT003,2C4RC1K75HR827265,1,0,0,0,769.644668,0,0,0,237.4339481,61.4772764,0,295.3983496,500.693918,1864.64816
Waymo LLC,AVT003,2C4RC1K75HR812331,0,1227.833062,276.6397094,37.30434215,22.95922552,690.7012129,0,0,0,900.1511178,2546.459493,1948.258976,1003.390203,8653.697342
Waymo LLC,AVT003,2C4RC1K75HR797362,1,0,0,0,2393.142649,1614.278015,1674.202176,2375.320728,729.5819529,350.1579467,1882.742516,2601.650453,777.2627599,14398.3392
Waymo LLC,AVT003,2C4RC1K73HR534710,1,2342.331875,1203.457591,1322.195639,2901.702996,2573.429741,1449.129966,2415.30758,2691.944561,1116.59407,857.3200753,59.96173587,0.010091093,18933.38592
Waymo LLC,AVT003,2C4RC1K73HR534691,1,1757.622,0,0,0,454.034045,3888.84155,2729.992786,1179.678067,2048.986094,1377.524681,1280.823288,766.4933762,15483.99589
Waymo LLC,AVT003,2C4RC1K7XHR797308,2,2.85359837,1814.925174,0,812.1351859,2123.237408,2363.967291,1356.292275,1979.897126,765.4848385,991.1105049,1512.649098,322.7818547,14045.33435
Waymo LLC,AVT003,2C4RC1K79HR833859,0,2623.497558,2403.915605,2208.442368,2525.374346,1118.626549,0,0,0,0,0,253.5085749,1255.733151,12389.09815
Waymo LLC,AVT003,2C4RC1K75HR797345,1,1034.138802,1922.628742,1591.937571,1032.235668,3015.368946,3553.803162,3538.697839,3514.030168,1661.667162,2927.439522,1493.39405,2924.998962,28210.34059
Waymo LLC,AVT003,2C4RC1K7XHR534705,0,2294.940038,1275.200467,1848.852573,585.4046938,1268.474716,1960.425858,1953.613276,939.9001827,1374.849926,207.243547,76.16291772,163.1380628,13948.20626
Waymo LLC,AVT003,2C4RC1K7XHR797325,3,889.5366051,2529.634353,1528.805485,2316.822182,2175.893546,3494.571619,3098.845583,2160.352356,2515.808033,2489.314415,2487.516901,2878.048361,28565.14944
Waymo LLC,AVT003,2C4RC1K7XHR805486,1,1332.557968,1130.662874,327.990027,489.2168964,621.6920601,468.4948612,512.9657872,266.1405483,343.644202,338.5931313,18.55872594,854.558465,6705.075546
Waymo LLC,AVT003,2C4RC1K76HR534653,1,1509.26194,264.7672959,673.5307455,555.8550524,122.8624405,56.97741931,1727.669274,2589.745535,3290.189165,890.7471634,833.4173388,168.4486933,12683.47206
Waymo LLC,AVT003,2C4RC1K7XHR827262,1,797.7402041,2289.596499,779.0937465,813.3394124,1146.007394,0,0,0,1525.931021,1906.481309,2675.047467,3264.044192,15197.28125
Waymo LLC,AVT003,2C4RC1K73HR797330,1,4.322697503,1027.481452,1984.598276,2677.278375,2024.338058,3.51281892,0,0,1501.355059,2329.879342,2730.274982,1671.331894,15954.37295
Waymo LLC,AVT003,2C4RC1K74HR805497,1,2001.237774,2187.658431,1877.610548,2083.134484,1061.702344,0,0,0,666.2000696,2528.278158,1682.124275,3016.94361,17104.88969
Waymo LLC,AVT003,2C4RC1K70HR827271,3,4.405880672,2004.187443,1487.345775,1730.752184,2067.733816,3009.577131,2125.968863,2109.186151,2473.130016,2342.803988,1661.269042,1315.26066,22331.62095
Waymo LLC,AVT003,2C4RC1K76HR534698,0,986.6900096,2441.667851,936.3438428,1220.081692,1464.756726,1655.488573,2862.864385,2541.683156,2771.704183,1562.048977,729.7988865,548.6077585,19721.73604
Waymo LLC,AVT003,2C4RC1K76HR695696,1,0,695.8366163,615.1188935,11.45829968,916.523432,2153.652752,2577.11954,3434.014894,2777.473132,1321.060286,1320.131308,841.9172456,16664.3064
Waymo LLC,AVT003,2C4RC1K73HR797361,0,1949.202164,935.6353661,929.2136652,1410.928468,327.1817391,0,0,0,0,1770.653119,2233.431655,465.9381423,10022.18432
Waymo LLC,AVT003,2C4RC1K74HR695700,0,2827.841451,1911.237774,1068.100861,480.9058185,1893.860415,604.409466,0,1566.622876,1043.007717,202.2294543,280.4236395,149.3169312,12027.9564
Waymo LLC,AVT003,2C4RC1K72HR534665,5,1356.608082,17.53863696,0,0,360.4335877,2729.261412,2023.558664,1801.849118,326.4304435,1032.594324,1554.258143,862.3185405,12064.85095
Waymo LLC,AVT003,2C4RC1K78HR695702,2,2490.775088,2323.710428,1767.438428,361.6227398,1733.736233,2064.313806,659.7975816,341.4203587,2756.500249,696.6077212,2068.782781,2077.350989,19342.0564
Waymo LLC,AVT003,2C4RC1K79HR797381,2,1995.516839,43.03648701,79.29655014,58.7947668,1038.610138,0,0,0,1183.015944,2934.832963,3332.091503,2259.547616,12924.74281
Waymo LLC,AVT003,2C4RC1K75HR695690,1,2168.105689,2382.745051,1067.043453,1870.313321,2028.657207,2476.615867,2843.389321,3007.547025,3231.579964,1282.563511,581.1614575,523.5573651,23463.27923
Waymo LLC,AVT003,2C4RC1K74HR805516,1,790.5035543,1.69859694,86.88162228,2363.440199,779.4078131,3.144257895,0,1636.548722,2807.836386,2563.781594,1271.930344,1761.226584,14066.39967
Waymo LLC,AVT003,2C4RC1K75HR534658,0,1819.418457,287.247586,0.418569103,0,272.2723228,1414.061224,2729.571178,179.6425429,18.67210782,0,16.6586116,141.6940299,6879.656629
Waymo LLC,AVT003,2C4RC1K78HR833867,2,1114.415587,1167.496502,932.6323586,801.7248437,349.8895759,1931.907148,2812.939161,2775.087775,2690.498291,3474.321007,2618.355829,1265.174606,21934.44268
Waymo LLC,AVT003,2C4RC1K79HR822215,2,115.8191122,2116.629072,1767.117607,2827.99606,1415.476127,0,0,0,1811.214635,2791.540955,2100.930468,3252.317671,18199.04171
Waymo LLC,AVT003,2C4RC1K71HR797343,1,2.932630768,2095.046392,961.6901836,1034.784284,1293.466054,2916.179428,3823.192495,3453.747984,2079.39738,3024.341538,2307.396119,1340.988983,24333.16347
Waymo LLC,AVT003,2C4RC1K73HR797389,3,724.6639927,2208.953148,1612.131389,2997.249587,2340.781314,1805.340276,2029.074347,2070.337654,1959.029695,2563.241341,2992.575348,4112.840108,27416.2182
Waymo LLC,AVT003,2C4RC1K77HR534676,4,0,280.1933401,1166.120285,2679.937173,2428.817876,4165.513273,2515.952216,3302.85325,1882.729106,3001.577752,1310.737899,562.7058049,23297.13798
Waymo LLC,AVT003,2C4RC1K74HR827239,0,505.3529584,2654.973691,1875.317956,2249.307256,868.4840494,0,0,0,1226.346142,2712.224763,2956.288174,1846.527782,16894.82277
Waymo LLC,AVT003,2C4RC1K72HR534696,2,1773.651752,729.8622976,1485.103744,2630.166739,1468.921676,3168.880156,2725.25915,2771.314868,2752.945394,1055.743441,1505.175395,676.491394,22743.51601
Waymo LLC,AVT003,2C4RC1K70HR534695,3,2138.265134,1832.145196,1551.724048,1349.5964,2039.529403,1077.684628,866.1102688,880.4388072,894.4043086,922.2799906,1565.734518,959.6381622,16077.55086
Waymo LLC,AVT003,2C4RC1K78HR797324,1,558.1877664,72.31510433,1022.098164,784.9031715,590.3157941,341.9547454,245.5025414,235.4549008,3396.670517,2219.373389,3133.244765,2659.389265,15259.41012
Waymo LLC,AVT003,2C4RC1K71HR534673,0,1295.922403,112.4152261,1018.909211,1319.202797,413.0401283,3061.029037,1639.600836,155.6165074,285.2870866,1131.775249,1410.875384,1006.294748,12849.96861
Waymo LLC,AVT003,2C4RC1K78HR797355,0,1664.187108,405.3381262,361.0025973,1191.527974,158.9833161,0,0,0,853.2829048,2773.6157,1143.077609,2135.916394,10686.93173
Waymo LLC,AVT003,2C4RC1K78HR797405,1,1425.34877,2220.180993,2094.218804,924.4810046,264.1546286,0,0,0,1468.306983,3563.832577,1567.749438,1480.842637,15009.11584
Waymo LLC,AVT003,2C4RC1K77HR534693,4,75.92962954,650.2741994,1695.676874,1961.034865,217.154175,2163.674867,1449.290361,2402.148924,2967.441579,752.0848671,283.1622653,617.4945071,15235.36711
Waymo LLC,AVT003,2C4RC1K78HR695697,3,2156.299732,1136.173624,1699.314085,2293.9647,2117.787671,2273.838449,2576.017057,2722.87923,93.59500168,93.0144407,32.11861384,4.652509724,17199.65511
Waymo LLC,AVT003,2C4RC1K78HR534699,0,165.9959362,0,0,0,122.3668647,1606.214933,961.5236184,501.2268321,334.8305268,209.7886028,279.6997465,81.76043596,4263.407496
Waymo LLC,AVT003,2C4RC1K78HR833769,2,2548.882884,2503.431997,2376.672754,859.3105372,1148.585327,0,0,0,1705.868853,2541.711745,1559.932656,2260.088701,17504.48545
Waymo LLC,AVT003,2C4RC1K79HR534677,0,6.471963662,340.5737197,2641.978115,2677.458728,2090.744715,1235.715772,930.2238682,1274.35614,1403.459412,14.14989996,493.9766923,631.355885,13740.46491
Waymo LLC,AVT003,2C4RC1K77HR534662,3,615.4658929,0,0,0,512.779307,2582.428934,1436.50389,1931.878248,3069.654392,622.671561,402.3497894,672.09379,11845.8258
Waymo LLC,AVT003,2C4RC1K79HR797378,0,1726.088508,2347.898909,933.663682,1245.684635,1018.238284,415.3149428,175.9154871,1116.180459,3.703294518,24.62707072,66.94098202,71.55340077,9145.809655
Waymo LLC,AVT003,2C4RC1K77HR805512,0,2033.013794,2394.736352,1603.987082,147.8683,303.3653547,0,3103.362975,1860.234922,2480.916674,2907.055681,2368.028565,3236.612928,22439.18263
Waymo LLC,AVT003,2C4RC1K78HR534637,1,512.6422571,1400.059354,1175.961587,2136.316005,1395.004635,2210.939919,204.9993911,166.6758982,2181.808543,497.0493681,294.9587719,156.0533759,12332.46911
Waymo LLC,AVT003,2C4RC1K72HR534701,2,2403.711254,1888.604583,95.82398996,1818.462289,1127.866038,1906.547212,1898.527943,2705.541178,3579.229119,1003.08465,1900.973032,721.3238843,21049.69517
Waymo LLC,AVT003,2C4RC1K74HR833879,1,650.1418221,280.4988753,0,2415.588533,1964.13088,1860.76289,1284.066648,2465.352001,2203.469721,455.416357,3572.495787,2447.402699,19599.32621
Waymo LLC,AVT003,2C4RC1K77HR534659,1,1759.165646,0,0,0,903.7119627,2248.072284,3454.331179,3234.051785,2593.263139,954.0811016,1425.242969,812.8623597,17384.78243
Waymo LLC,AVT003,2C4RC1K79HR824255,1,3169.27456,2350.341774,761.0384257,1630.394988,908.1258528,325.5051947,146.9124113,1480.181354,335.1703058,43.46141275,8.044968745,5.584065518,11164.03531
Waymo LLC,AVT003,2C4RC1K77HR534645,0,0,4.272962829,0,0,361.1312774,2819.687692,3097.897063,2855.070451,2489.333764,1395.443902,1190.009917,496.7731927,14709.62022
Waymo LLC,AVT003,2C4RC1K76HR833835,0,0,0,0,0,0,0,0,0,0,0,0,123.645948,123.645948
Waymo LLC,AVT003,2C4RC1K73HR797358,2,104.3911914,1661.006711,1006.861974,2627.468061,2327.787236,3448.403327,3696.537798,3216.488598,1737.942007,2601.07101,1518.38622,1379.6039,25325.94803
Waymo LLC,AVT003,2C4RC1K7XHR695698,1,0,0,0,0,0,859.5132166,1022.205022,287.3635279,1071.396249,466.0662818,400.9976885,334.6505648,4442.192551
Waymo LLC,AVT003,2C4RC1K77HR833858,2,816.3920365,2454.987908,1094.977494,70.3217903,2644.822996,1794.441162,2408.249369,2192.427125,1926.003219,2780.67327,668.5984317,259.4175563,19111.31236
Waymo LLC,AVT003,2C4RC1K73HR833842,1,1986.882045,1551.736631,1097.342047,689.2832093,616.9260442,0,0,,876.9437533,2281.384437,2495.417183,3436.105018,15032.02037
Waymo LLC,AVT003,2C4RC1K7XHR805455,0,741.0479141,3032.65374,2455.949433,2832.847844,2413.458958,1849.652398,1557.661899,2293.366846,2939.592212,2694.384369,1331.004039,302.9460959,24444.56575
Waymo LLC,AVT003,2C4RC1K7XHR822188,1,1546.768638,2400.224079,2284.475829,314.9993786,24.91106913,0,0,,1397.541775,2460.048318,1916.229274,2387.959107,14733.15747
Waymo LLC,AVT003,2C4RC1K7XHR827231,0,845.7892055,2310.711167,1691.398778,2719.987616,1662.549878,1657.190239,2006.21643,2019.564716,1134.526607,516.8299676,907.8573701,277.4797557,17750.10173
Waymo LLC,AVT003,2C4RC1K76HR822205,0,518.8562206,93.09567897,618.1414431,489.5769757,216.6775759,0,0,0,0,0,0,2361.660407,4298.008301
Waymo LLC,AVT003,2C4RC1K77HR833827,2,3.209278338,2249.437825,938.0752731,3.821864864,2589.728603,3101.764394,3812.627649,3229.575317,2455.730716,1612.435936,2975.902618,2073.099948,25045.40942
Waymo LLC,AVT003,2C4RC1K74HR534652,2,570.3662557,957.5465532,916.5765034,0.33347832,573.745697,4076.621572,1906.135714,1395.143164,3637.340922,1282.969665,998.1584376,657.948774,16972.88674
Waymo LLC,AVT003,2C4RC1K72HR797318,2,2144.844216,2133.458405,1725.570029,2756.858172,1079.932252,0,0,0,0,678.7815688,278.8084991,61.94638175,10860.19952
Waymo LLC,AVT003,2C4RC1K7XHR833787,0,0,0,4.269060609,82.67797358,2050.013881,1343.292735,504.9249382,1693.574639,2366.580654,2322.623945,2053.990157,1570.062802,13992.01079
Waymo LLC,AVT003,2C4RC1K76HR797404,1,1774.858656,1328.728976,1781.8641,2436.154635,401.8167572,0,0,0,1403.894472,1894.116911,1912.634751,3015.718152,15949.78741
Waymo LLC,AVT003,2C4RC1K76HR797354,0,1677.392832,2138.094275,1845.846223,455.9634633,79.61983173,3.229013136,0,1523.987138,813.7746281,111.2697193,320.5278126,191.8826165,9161.587553
Waymo LLC,AVT003,2C4RC1K73HR695705,2,1454.559745,1570.587048,439.0591982,792.7633129,1942.05583,2069.880168,3483.583463,2976.151857,2294.940901,1054.723116,1096.351666,637.5952937,19812.2516
Waymo LLC,AVT003,2C4RC1K71HR695699,1,2300.875564,2160.339518,1452.560776,1335.230828,1805.906459,2044.557508,1983.743945,1913.863472,2517.366566,513.7287087,933.0010128,1012.853337,19974.02769
Waymo LLC,AVT003,2C4RC1K70HR534681,1,0,0,0,0,0,1458.775908,3407.916475,609.6065841,576.2796302,1433.647588,1219.965688,762.3986541,9468.590527
Waymo LLC,AVT003,2C4RC1K70HR833796,0,2175.44389,2305.214635,1155.943107,4.493003343,12.93428362,0,0,0,1652.869586,3051.819473,2556.640399,2537.704649,15453.06303
Waymo LLC,AVT003,2C4RC1K70HR534664,0,757.3473846,0,0,0,1212.942877,3334.191619,2869.858669,2114.081114,57.73968211,924.1041172,1760.06182,686.1134813,13716.44076
Waymo LLC,AVT003,2C4RC1K70HR534650,2,1197.458225,1556.139231,351.6965775,527.818323,1059.404452,1544.626437,546.3575689,851.510756,2186.887525,532.0950514,682.9070737,532.8273019,11569.72852
Waymo LLC,AVT003,2C4RC1K71HR833838,0,0,0,0,0,0,0,0,3.183715063,0,5.534865224,0,10.17984391,18.8984242
Waymo LLC,AVT003,2C4RC1K74HR534666,0,1031.548753,0,0,0,6.231672611,213.9791592,0,0,397.8557483,515.0819031,330.1466564,1894.250177,4389.09407
Waymo LLC,AVT003,2C4RC1K72HR827238,0,2700.355879,2296.884667,1895.435843,2232.561236,1267.400133,0,0,0,1943.997918,2636.138734,2317.780152,2416.768296,19707.32286
Waymo LLC,AVT003,2C4RC1K75HR695706,0,1219.789926,980.6427107,1380.665049,1084.557359,767.4610399,243.2383648,127.1468925,636.7923186,286.7316229,504.564107,625.0117439,403.2093591,8259.810493
Waymo LLC,AVT003,2C4RC1K72HR836179,2,471.8915394,2382.486448,1415.535928,2703.234711,2315.492494,1685.158518,1721.547914,1842.65612,1143.006959,86.06469112,1403.746902,978.5916898,18149.41391
Waymo LLC,AVT003,2C4RC1K73HR534643,0,0,0,0,0,0,0,0,0,0,0,0,0,0
Waymo LLC,AVT003,2C4RC1K75HR534644,0,0,0,0,0,0,0,0,0,0,0,0,0,0
Waymo LLC,AVT003,2C4RC1K74HR534635,0,0,0,0,0,0,0,0,0,0,0,0,0,0
Waymo LLC,AVT003,2C4RC1K7XHR534669,0,0,0,0,0,0,0,0,0,0,0,0,0,0
Waymo LLC,AVT003,2C4RC1K74HR534683,0,0,0,0,0,0,0,0,0,0,0,0,0,0
Waymo LLC,AVT003,2C4RC1K71HR534690,0,0,0,0,0,0,0,0,0,0,0,0,0,0
Waymo LLC,AVT003,2C4RC1K78HR534704,0,0,0,0,0,0,0,0,0,0,0,0,0,0
Waymo LLC,AVT003,2C4RC1K74HR534702,0,0,0,0,0,0,0,0,0,0,0,0,0,0
Waymo LLC,AVT003,2C4RC1K75HR534708,0,0,0,0,0,0,0,0,0,0,0,0,0,0
Waymo LLC,AVT003,2C4RC1K77HR695691,0,0,0,0,0,0,0,0,0,0,0,0,0,0
Waymo LLC,AVT003,2C4RC1K76HR797337,0,0,0,0,0,0,0,0,0,0,0,0,0,0
Waymo LLC,AVT003,2C4RC1K78HR824232,0,0,0,0,0,0,0,0,0,0,0,0,0,0
Waymo LLC,AVT003,2C4RC1K73HR805510,0,0,0,0,0,0,0,0,0,0,0,0,0,0
Waymo LLC,AVT003,2C4RC1K73HR797294,0,0,0,0,0,0,0,0,0,0,0,0,0,0
Waymo LLC,AVT003,2C4RC1K74HR797398,0,0,0,0,0,0,0,0,0,0,0,0,0,0
Waymo LLC,AVT003,SADHW2S16M1X06462,0,0,0,0,0,0,0,0,0,0,0,0,0,0
Waymo LLC,AVT003,SADHW2S11M1X06465,0,0,0,0,0,0,0,0,0,0,0,0,0,0
Waymo LLC,AVT003,SADHW2S15M1X06467,0,0,0,0,0,0,0,0,0,0,0,0,0,0
Waymo LLC,AVT003,SADHW2S18M1X06477,0,0,0,0,0,0,0,0,0,0,0,0,0,0
Waymo LLC,AVT003,SADHW2S19M1X06469,0,0,0,0,0,0,0,0,0,0,0,0,0,0
Waymo LLC,AVT003,SADHW2S15M1X06470,0,0,0,0,0,0,0,0,0,0,0,0,0,0
Waymo LLC,AVT003,SADHW2S11M1X06448,0,0,0,0,0,0,0,0,0,0,0,0,0,0
Waymo LLC,AVT003,SADHW2S15M1X06484,0,0,0,0,0,0,0,0,0,0,0,0,0,0
Waymo LLC,AVT003,SADHW2S19M1X06472,0,0,0,0,0,0,0,0,0,0,0,0,0,0
Waymo LLC,AVT003,SADHW2S10M1X06473,0,0,0,0,0,0,0,0,0,0,0,0,0,0
Waymo LLC,AVT003,SADHW2S12M1X06474,0,0,0,0,0,0,0,0,0,0,0,0,0,0
Waymo LLC,AVT003,SADHW2S14M1X06475,0,0,0,0,0,0,0,0,0,0,0,0,0,0
Waymo LLC,AVT003,SADHW2S16M1X06476,0,0,0,0,0,0,0,0,0,0,0,0,0,0
Waymo LLC,AVT003,SADHW2S15M1X06468,0,0,0,0,0,0,0,0,0,0,0,0,0,0
Waymo LLC,AVT003,SADHW2S1XM1X06478,0,0,0,0,0,0,0,0,0,0,0,0,0,0
Waymo LLC,AVT003,SADHW2S18M1X06480,0,0,0,0,0,0,0,0,0,0,0,0,0,0
Waymo LLC,AVT003,SADHW2S11M1X06479,0,0,0,0,0,0,0,0,0,0,0,0,0,0
Waymo LLC,AVT003,SADHW2S1XM1X06481,0,0,0,0,0,0,0,0,0,0,0,0,0,0
Waymo LLC,AVT003,SADHW2S11M1X06482,0,0,0,0,0,0,0,0,0,0,0,0,0,0
Waymo LLC,AVT003,SADHW2S17M1X06471,0,0,0,0,0,0,0,0,0,0,0,0,0,0
Waymo LLC,AVT003,SADHW2S19M1X06486,0,0,0,0,0,0,0,0,0,0,0,0,0,0
Waymo LLC,AVT003,SADHW2S10M1X06487,0,0,0,0,0,0,0,0,0,0,0,0,0,0
Waymo LLC,AVT003,SADHW2S13M1X06466,0,0,0,0,0,0,0,0,0,0,0,0,0,0
WeRide Corp,AVT034,3LN6L5LU3HR640854,0,5,30,26,43,0,37,114,99,0,0,0,0,354
WeRide Corp,AVT034,3LN6L5LU1HR638729,1,2,21,0,22,0,14,5,0,0,0,13,38,115
WeRide Corp,AVT034,3LN6L5LU4HR637607,8,135,171,0,0,0,0,0,589,1210,427,430,328,3290
WeRide Corp,AVT034,3LN6l5MU2HR654727,28,226,284,99,40,166,117,52,279,16,0,0,0,1279
WeRide Corp,AVT034,3LN6L5MU1HR637773,0,0,0,0,5,0,0,0,0,0,248,214,155,622
WeRide Corp,AVT034,1N4AZ1CP5J3C31550,0,0,0,0,0,0,0,0,0,2,0,0,0,2
WeRide Corp,AVT034,1N4AZ1CP3KC301099,0,0,0,0,0,0,0,0,0,0,0,0,0,0
WeRide Corp,AVT034,1N4AZ1CP2KC305130,2,0,0,0,0,0,0,0,0,0,0,0,255,255
"Zoox, Inc",AVT012,~6725,4,416,490,497,520,439,677,485,588,726,723,657,524,6742
"Zoox, Inc",AVT012,~7703,2,282,377,146,586,540,725,702,758,524,706,446,570,6362
"Zoox, Inc",AVT012,~7625,6,412,229,429,257,587,795,708,628,760,743,769,642,6959
"Zoox, Inc",AVT012,~6144,4,279,232,547,620,407,488,403,712,656,510,522,570,5946
"Zoox, Inc",AVT012,~5942,2,480,535,383,394,367,403,675,723,538,580,532,560,6170
"Zoox, Inc",AVT012,~9989,5,271,235,168,445,521,535,522,449,557,492,599,682,5476
"Zoox, Inc",AVT012,~5009,4,499,398,377,0,259,519,636,508,366,650,47,0,4259
"Zoox, Inc",AVT012,~5016,0,272,376,328,326,213,300,643,624,271,0,576,605,4534
"Zoox, Inc",AVT012,~8642,0,210,212,279,356,328,392,387,532,556,596,1088,835,5771
"Zoox, Inc",AVT012,~0015,4,152,116,240,588,532,527,492,581,373,216,755,47,4619
"Zoox, Inc",AVT012,~9454,0,0,0,0,57,42,124,447,0,0,0,150,0,820
"Zoox, Inc",AVT012,~9493,0,0,0,0,0,0,116,300,104,66,0,0,0,586
"Zoox, Inc",AVT012,~4366,1,0,0,0,0,0,0,0,96,238,0,8,192,534
"Zoox, Inc",AVT012,~5257,0,0,0,0,0,0,0,0,207,11,0,0,593,811
"Zoox, Inc",AVT012,~4810,2,0,0,0,0,0,0,0,49,230,228,665,316,1488
"Zoox, Inc",AVT012,~5195,2,0,0,0,0,0,0,0,0,157,290,122,77,646
"Zoox, Inc",AVT012,~8456,1,0,0,0,0,0,0,0,0,243,375,286,340,1244
"Zoox, Inc",AVT012,~6839,1,0,0,0,0,0,0,0,0,110,185,278,307,880
"Zoox, Inc",AVT012,~5349,2,0,0,0,0,0,0,0,0,61,161,282,307,811
"Zoox, Inc",AVT012,~5631,0,0,0,0,0,0,0,0,0,33,0,0,0,33
"Zoox, Inc",AVT012,~7014,0,0,0,0,0,0,0,0,0,50,107,183,130,470
"Zoox, Inc",AVT012,~0268,0,0,0,0,0,0,0,0,0,0,36,176,82,294
"Zoox, Inc",AVT012,~8451,0,0,0,0,0,0,0,0,0,0,0,59,0,59
"Zoox, Inc",AVT012,~5200,0,0,0,0,0,0,0,0,0,0,0,156,222,378
"Zoox, Inc",AVT012,~6607,1,0,0,0,0,0,0,0,0,0,0,121,310,431
"Zoox, Inc",AVT012,~0384,0,0,0,0,0,0,0,0,0,0,0,88,293,381
"Zoox, Inc",AVT012,~0496,0,0,0,0,0,0,0,0,0,0,0,0,198,198
"Zoox, Inc",AVT012,~5424,1,0,0,0,0,0,0,0,0,0,0,0,81,81
"Zoox, Inc",AVT012,~6517,0,0,0,0,0,0,0,0,0,0,0,0,10,10
"Zoox, Inc",AVT012,~1027,0,1,12,0,0,0,0,0,0,0,0,0,0,12
"Zoox, Inc",AVT012,~8915,0,4,5,0,0,0,0,0,0,0,0,0,0,9
"Zoox, Inc",AVT012,~0491,0,1,0,0,0,0,0,0,0,0,0,0,0,1
