Manufacturer,PermitNumber,VINNUMBER,AnnualTotalofDisengagements,DEC 2019,JAN 2020,FEB 2020,MAR 2020,APR 2020,MAY 2020,JUN 2020,JULY 2020,AUG 2020,SEP 2020,OCT 2020,NOV 2020,ANNUALTOTAL,,,,,
AImotive Inc.,AVT036,JTDKN3DU2A5101201,25,201,224,118,0,0,0,0,0,0,0,0,0,543,,,,,
AImotive Inc.,AVT036,JTDKN3DU5A1092792,69,0,131,84,0,0,0,0,0,0,0,0,0,215,,,,,
AImotive Inc.,AVT036,JTDKN3DU9A0059509,19,382,498,533,451,0,0,0,0,43,42,156,124,2229,,,,,
Apple Inc.,AVT030,2T2BGMCA0HC014753,12,206.8,446.0,488.4,0.0,0.0,0.0,0.0,0.0,40.3,0.9,53.3,0.0,1235.7,,,,,
Apple Inc.,AVT030,2T2BGMCA0HC019225,2,22.7,2.4,450.9,0.0,0.0,0.0,0.0,0.0,0.0,0.0,0.0,0.0,476.0,,,,,
Apple Inc.,AVT030,2T2BGMCA0HC019967,2,54.1,0.3,280.4,0.0,0.0,0.0,0.0,0.0,0.0,0.0,3.8,5.0,343.7,,,,,
Apple Inc.,AVT030,2T2BGMCA1GC008135,5,0.0,313.4,177.3,0.0,0.0,0.0,0.0,0.9,0.0,0.0,0.8,0.0,492.3,,,,,
Apple Inc.,AVT030,2T2BGMCA1HC014096,4,54.0,190.1,432.4,0.0,0.0,0.0,0.0,0.0,0.0,0.0,0.0,0.0,676.5,,,,,
Apple Inc.,AVT030,2T2BGMCA2GC003882,0,13.7,11.0,17.0,0.8,0.0,0.0,0.0,0.0,0.0,0.0,0.0,0.0,42.5,,,,,
Apple Inc.,AVT030,2T2BGMCA2HC012521,5,322.1,356.3,271.2,4.3,0.0,0.0,0.0,0.9,16.9,13.9,14.4,4.3,1004.3,,,,,
Apple Inc.,AVT030,2T2BGMCA2HC019338,7,440.3,285.8,463.2,0.0,0.0,0.0,0.0,0.0,0.0,0.0,0.0,0.0,1189.3,,,,,
Apple Inc.,AVT030,2T2BGMCA2HC020151,9,0.0,0.0,0.0,0.0,0.0,0.0,25.1,325.6,229.9,247.7,417.5,109.6,1355.5,,,,,
Apple Inc.,AVT030,2T2BGMCA3GC007861,12,0.0,26.1,0.3,0.0,0.0,0.0,0.0,0.0,0.0,0.0,0.0,0.0,26.4,,,,,
Apple Inc.,AVT030,2T2BGMCA3HC020062,9,229.3,642.8,73.6,0.0,0.0,7.4,18.6,0.0,0.0,0.0,0.0,0.0,971.7,,,,,
Apple Inc.,AVT030,2T2BGMCA4HC016845,0,0.0,0.0,0.0,0.0,0.0,0.0,0.0,0.0,0.0,0.5,0.0,0.0,0.5,,,,,
Apple Inc.,AVT030,2T2BGMCA4HC019826,0,1.4,0.0,264.9,0.0,0.0,0.0,0.0,0.0,0.0,0.0,0.0,0.0,266.2,,,,,
Apple Inc.,AVT030,2T2BGMCA4HC020118,10,35.0,0.0,0.7,0.0,0.0,0.0,724.6,760.9,633.2,805.9,0.0,1.4,2961.7,,,,,
Apple Inc.,AVT030,2T2BGMCA5HC014389,23,103.4,205.1,503.9,0.0,0.0,0.0,438.7,890.7,775.5,777.8,111.3,0.0,3806.5,,,,,
Apple Inc.,AVT030,2T2BGMCA6GC007983,1,0.0,0.0,62.6,0.0,0.0,0.0,0.0,0.0,51.6,195.7,0.0,0.0,309.8,,,,,
Apple Inc.,AVT030,2T2BGMCA6HC016667,1,1.8,3.1,86.0,0.0,0.0,0.0,0.0,0.0,0.0,0.0,0.0,0.0,90.9,,,,,
Apple Inc.,AVT030,2T2BGMCA7GC003781,1,15.9,0.0,0.0,0.0,0.0,0.0,0.0,0.0,0.0,0.0,0.0,0.0,16.0,,,,,
Apple Inc.,AVT030,2T2BGMCA7GC007068,1,0.0,86.3,4.8,0.0,0.0,0.0,0.0,0.0,0.0,0.0,0.0,0.0,91.1,,,,,
Apple Inc.,AVT030,2T2BGMCA7HC014877,3,0.0,0.0,152.9,0.0,0.0,0.0,0.0,0.0,0.0,0.0,0.0,0.0,152.9,,,,,
Apple Inc.,AVT030,2T2BGMCA8GC003823,0,0.0,0.0,10.7,0.0,0.0,0.0,0.0,0.0,0.0,0.0,0.0,0.9,11.6,,,,,
Apple Inc.,AVT030,2T2BGMCA8GC008424,0,1.0,0.7,2.4,0.0,0.0,0.0,0.0,0.0,0.0,0.0,0.0,0.0,4.1,,,,,
Apple Inc.,AVT030,2T2BGMCA8HC019540,0,0.0,0.0,0.0,0.0,0.0,0.0,0.0,50.0,439.2,0.0,0.0,0.7,489.9,,,,,
Apple Inc.,AVT030,2T2BGMCA8HC020137,11,0.0,0.0,0.0,0.0,0.0,0.0,7.0,18.6,460.6,573.6,406.3,183.7,1649.8,,,,,
Apple Inc.,AVT030,2T2BGMCA9GC007394,12,309.3,449.9,72.1,0.0,0.0,0.0,9.7,138.8,96.5,0.0,0.0,36.8,1113.2,,,,,
Apple Inc.,AVT030,2T2BGMCA9GC008464,0,1.1,0.8,0.0,0.0,0.0,0.0,0.0,0.0,17.8,0.0,0.0,0.0,19.8,,,,,
Apple Inc.,AVT030,2T2BGMCAXGC006416,0,0.0,0.0,0.0,0.0,0.0,0.0,0.0,0.0,0.0,0.0,0.0,5.2,5.2,,,,,
Apple Inc.,AVT030,2T2BGMCAXHC018082,0,0.0,0.0,0.0,0.0,0.0,0.0,0.0,0.0,0.0,0.0,0.0,0.8,0.8,,,,,
Apple Inc.,AVT030,2T2BGMCAXHC020026,0,0.0,1.4,0.0,0.0,0.0,0.0,0.0,0.0,0.0,0.0,0.0,0.0,1.4,,,,,
Apple Inc.,AVT030,2T2BGMCA2GC007334,0,0.0,0.0,0.0,0.0,0.0,0.0,0.0,0.0,0.0,0.0,0.0,0.0,0.0,,,,,
Apple Inc.,AVT030,2T2BGMCA0GC007946,0,0.0,0.0,0.0,0.0,0.0,0.0,0.0,0.0,0.0,0.0,0.0,0.0,0.0,,,,,
Apple Inc.,AVT030,2T2BGMCA8GC007371,0,0.0,0.0,0.0,0.0,0.0,0.0,0.0,0.0,0.0,0.0,0.0,0.0,0.0,,,,,
Apple Inc.,AVT030,2T2BGMCA3GC007911,0,0.0,0.0,0.0,0.0,0.0,0.0,0.0,0.0,0.0,0.0,0.0,0.0,0.0,,,,,
Apple Inc.,AVT030,2T2BGMCA0GC007400,0,0.0,0.0,0.0,0.0,0.0,0.0,0.0,0.0,0.0,0.0,0.0,0.0,0.0,,,,,
Apple Inc.,AVT030,2T2BGMCA4GC005228,0,0.0,0.0,0.0,0.0,0.0,0.0,0.0,0.0,0.0,0.0,0.0,0.0,0.0,,,,,
Apple Inc.,AVT030,2T2BGMCA2GC004112,0,0.0,0.0,0.0,0.0,0.0,0.0,0.0,0.0,0.0,0.0,0.0,0.0,0.0,,,,,
Apple Inc.,AVT030,2T2BGMCA2GC007754,0,0.0,0.0,0.0,0.0,0.0,0.0,0.0,0.0,0.0,0.0,0.0,0.0,0.0,,,,,
Apple Inc.,AVT030,2T2BGMCA2GC008418,0,0.0,0.0,0.0,0.0,0.0,0.0,0.0,0.0,0.0,0.0,0.0,0.0,0.0,,,,,
Apple Inc.,AVT030,2T2BGMCA8GC003871,0,0.0,0.0,0.0,0.0,0.0,0.0,0.0,0.0,0.0,0.0,0.0,0.0,0.0,,,,,
Apple Inc.,AVT030,2T2BGMCA7GC008382,0,0.0,0.0,0.0,0.0,0.0,0.0,0.0,0.0,0.0,0.0,0.0,0.0,0.0,,,,,
Apple Inc.,AVT030,2T2BGMCA5GC006145,0,0.0,0.0,0.0,0.0,0.0,0.0,0.0,0.0,0.0,0.0,0.0,0.0,0.0,,,,,
Apple Inc.,AVT030,2T2BGMCA2GC005566,0,0.0,0.0,0.0,0.0,0.0,0.0,0.0,0.0,0.0,0.0,0.0,0.0,0.0,,,,,
Apple Inc.,AVT030,2T2BGMCA7HC017262,0,0.0,0.0,0.0,0.0,0.0,0.0,0.0,0.0,0.0,0.0,0.0,0.0,0.0,,,,,
Apple Inc.,AVT030,2T2BGMCA1HC016933,0,0.0,0.0,0.0,0.0,0.0,0.0,0.0,0.0,0.0,0.0,0.0,0.0,0.0,,,,,
Apple Inc.,AVT030,2T2BGMCA8HC016136,0,0.0,0.0,0.0,0.0,0.0,0.0,0.0,0.0,0.0,0.0,0.0,0.0,0.0,,,,,
Apple Inc.,AVT030,2T2BGMCA5HC019219,0,0.0,0.0,0.0,0.0,0.0,0.0,0.0,0.0,0.0,0.0,0.0,0.0,0.0,,,,,
Apple Inc.,AVT030,2T2BGMCA0HC020083,0,0.0,0.0,0.0,0.0,0.0,0.0,0.0,0.0,0.0,0.0,0.0,0.0,0.0,,,,,
Apple Inc.,AVT030,2T2BGMCA8HC019876,0,0.0,0.0,0.0,0.0,0.0,0.0,0.0,0.0,0.0,0.0,0.0,0.0,0.0,,,,,
Apple Inc.,AVT030,2T2BGMCAXHC018051,0,0.0,0.0,0.0,0.0,0.0,0.0,0.0,0.0,0.0,0.0,0.0,0.0,0.0,,,,,
Apple Inc.,AVT030,2T2BGMCAXHC014310,0,0.0,0.0,0.0,0.0,0.0,0.0,0.0,0.0,0.0,0.0,0.0,0.0,0.0,,,,,
Apple Inc.,AVT030,2T2BGMCA9HC019305,0,0.0,0.0,0.0,0.0,0.0,0.0,0.0,0.0,0.0,0.0,0.0,0.0,0.0,,,,,
Apple Inc.,AVT030,2T2BGMCA0HC019709,0,0.0,0.0,0.0,0.0,0.0,0.0,0.0,0.0,0.0,0.0,0.0,0.0,0.0,,,,,
Apple Inc.,AVT030,2T2BGMCA6HC019228,0,0.0,0.0,0.0,0.0,0.0,0.0,0.0,0.0,0.0,0.0,0.0,0.0,0.0,,,,,
Apple Inc.,AVT030,2T2BGMCA0HC019919,0,0.0,0.0,0.0,0.0,0.0,0.0,0.0,0.0,0.0,0.0,0.0,0.0,0.0,,,,,
Apple Inc.,AVT030,2T2BGMCA2HC019890,0,0.0,0.0,0.0,0.0,0.0,0.0,0.0,0.0,0.0,0.0,0.0,0.0,0.0,,,,,
Apple Inc.,AVT030,2T2BGMCA2HC019968,0,0.0,0.0,0.0,0.0,0.0,0.0,0.0,0.0,0.0,0.0,0.0,0.0,0.0,,,,,
Apple Inc.,AVT030,2T2BGMCA8HC017772,0,0.0,0.0,0.0,0.0,0.0,0.0,0.0,0.0,0.0,0.0,0.0,0.0,0.0,,,,,
Apple Inc.,AVT030,2T2BGMCA5HC019818,0,0.0,0.0,0.0,0.0,0.0,0.0,0.0,0.0,0.0,0.0,0.0,0.0,0.0,,,,,
Apple Inc.,AVT030,2T2BGMCA5HC019737,0,0.0,0.0,0.0,0.0,0.0,0.0,0.0,0.0,0.0,0.0,0.0,0.0,0.0,,,,,
Apple Inc.,AVT030,2T2BGMCA8HC019411,0,0.0,0.0,0.0,0.0,0.0,0.0,0.0,0.0,0.0,0.0,0.0,0.0,0.0,,,,,
Apple Inc.,AVT030,2T2BGMCA5HC019432,0,0.0,0.0,0.0,0.0,0.0,0.0,0.0,0.0,0.0,0.0,0.0,0.0,0.0,,,,,
Apple Inc.,AVT030,2T2BGMCA3HC014584,0,0.0,0.0,0.0,0.0,0.0,0.0,0.0,0.0,0.0,0.0,0.0,0.0,0.0,,,,,
Apple Inc.,AVT030,2T2BGMCA0HC015899,0,0.0,0.0,0.0,0.0,0.0,0.0,0.0,0.0,0.0,0.0,0.0,0.0,0.0,,,,,
Apple Inc.,AVT030,2T2BGMCA0HC016082,0,0.0,0.0,0.0,0.0,0.0,0.0,0.0,0.0,0.0,0.0,0.0,0.0,0.0,,,,,
Apple Inc.,AVT030,2T2BGMCAXHC019927,0,0.0,0.0,0.0,0.0,0.0,0.0,0.0,0.0,0.0,0.0,0.0,0.0,0.0,,,,,
Apple Inc.,AVT030,2T2BGMCA4HC016912,0,0.0,0.0,0.0,0.0,0.0,0.0,0.0,0.0,0.0,0.0,0.0,0.0,0.0,,,,,
Apple Inc.,AVT030,2T2BGMCA9HC019126,0,0.0,0.0,0.0,0.0,0.0,0.0,0.0,0.0,0.0,0.0,0.0,0.0,0.0,,,,,
Apple Inc.,AVT030,2T2BGMCA9HC019532,0,0.0,0.0,0.0,0.0,0.0,0.0,0.0,0.0,0.0,0.0,0.0,0.0,0.0,,,,,
Apple Inc.,AVT030,2T2BGMCA8GC008505,0,0.0,0.0,0.0,0.0,0.0,0.0,0.0,0.0,0.0,0.0,0.0,0.0,0.0,,,,,
"Aurora Innovation, Inc.",AVT037,3LN6L5MU1HR646151,5,370.31,250.06,321.44,52.48,0,0,114.81,0,0,0,0,0,1109.09,,,,,
"Aurora Innovation, Inc.",AVT037,3LN6L5MU6HR643536,7,563.49,344.44,524.39,174.67,0,13.93,292.15,0,0,0,0,0,1913.08,,,,,
"Aurora Innovation, Inc.",AVT037,3LN6L5LU0HR664920,5,211.77,181.06,253.09,149.62,0,24.86,15.71,0,0,0,0,0,836.11,,,,,
"Aurora Innovation, Inc.",AVT037,3LN6L5MU8HR644610,1,15.09,24.97,529.87,26.44,0,0,0,0,0,0,0,0,596.38,,,,,
"Aurora Innovation, Inc.",AVT037,3LN6L5LU5HR650656,12,436.9,266.81,549.34,144.78,0,6.02,49.01,0,0,0,0,0,1452.85,,,,,
"Aurora Innovation, Inc.",AVT037,2C4RC1N75LR107176,5,0,0,0.01,0,0,0,0.06,12.16,107.82,398.86,638.29,197.95,1355.14,,,,,
"Aurora Innovation, Inc.",AVT037,2C4RC1N77LR107177,1,0,0,0,0,0,0,15.48,119.2,111.2,353.42,655.3,190.8,1445.41,,,,,
"Aurora Innovation, Inc.",AVT037,2C4RC1N7XLR107173,1,0,0,0,0,0,5.58,6.26,69.59,255.09,117.58,518.99,91.01,1064.11,,,,,
"Aurora Innovation, Inc.",AVT037,2C4RC1N73LR107175,0,0,0,0,0,0,0,53.66,31.17,113.72,131.11,477.53,43.87,851.06,,,,,
"Aurora Innovation, Inc.",AVT037,2C4RC1N79LR107181,0,0,0,0,0,0,0,0,78.44,149.89,327.45,458.38,317.51,1331.67,,,,,
"Aurora Innovation, Inc.",AVT037,2C4RC1N75LR138959,0,0,0,0,0,0,0,0,22.11,0,60.16,129.16,33.07,244.5,,,,,
"Aurora Innovation, Inc.",AVT037,2C4RC1N72LR190369,0,0,0,0,0,0,0,0,0,0,1.38,0,0,1.38,,,,,
"AutoX Technologies, Inc",AVT021,3LN6L5LU1HR637709,1,6150,6967,7365,3582,0,0,0,0,0,0,0,0,24064,,,,,
"AutoX Technologies, Inc",AVT021,3LN6L5MU9JR614778,1,1218,1815,2340,1135,0,0,0,0,0,0,0,0,6508,,,,,
"AutoX Technologies, Inc",AVT021,3LN6L5MU5JR618391,0,1098,1296,2156,1463,0,0,0,0,0,0,0,0,6013,,,,,
"AutoX Technologies, Inc",AVT021,3LN6L5MUXJR626177,0,556,475,706,670,0,0,0,0,143,65,136,119,2870,,,,,
"AutoX Technologies, Inc",AVT021,2C4RC1N73JR229418,0,79,421,546,108,0,0,0,0,0,0,0,0,1154,,,,,
"AutoX Technologies, Inc",AVT021,3LN6L5MU8JR628090,0,125,0,0,0,0,0,0,0,0,0,0,0,125,,,,,
"AutoX Technologies, Inc",AVT021,3LN6L5LU5HR622291,0,0,0,0,0,0,0,0,0,0,0,0,0,0,,,,,
"AutoX Technologies, Inc",AVT021,3LN6L5MU9HR630361,0,0,0,0,0,0,0,0,0,0,0,0,0,0,,,,,
BMW of North America,AVT009,WBA7E21050G412347,3,0,122,0,0,0,0,0,0,0,0,0,0,122,,,,,
BMW of North America,AVT009,WBA7E21060G409246,0,0,0,0,0,0,0,0,0,0,0,0,0,0,,,,,
BMW of North America,AVT009,WBA7E21060G410008,0,0,0,0,0,0,0,0,0,0,0,0,0,0,,,,,
BMW of North America,AVT009,WBA7E21080G412861,0,0,0,0,0,0,0,0,0,0,0,0,0,0,,,,,
BMW of North America,AVT009,WBA7E210X0G412859,0,0,0,0,0,0,0,0,0,0,0,0,0,0,,,,,
CRUISE LLC,AVT008,5G21A6P05L4100129,0,1870.34,1293.48,287.25,931.57,157.73,270.09,633.02,1088.98,1219.68,958.35,992.12,629.75,"10,332.35",,,,,
CRUISE LLC,AVT008,5G21A6P09L4100103,0,1696.32,1861.79,1797.35,323.76,0.00,0.00,0.00,0.00,255.88,948.66,486.72,0.00,"7,370.47",,,,,
CRUISE LLC,AVT008,5G21A6P00L4100118,1,1662.48,1944.79,1351.05,365.07,31.38,312.43,475.26,635.27,678.84,1005.23,1248.58,834.24,"10,544.61",,,,,
CRUISE LLC,AVT008,5G21A6P02L4100136,0,1603.21,1417.81,671.27,275.19,24.82,292.93,212.45,177.55,1264.66,763.04,1291.53,814.46,"8,808.91",,,,,
CRUISE LLC,AVT008,5G21A6P07L4100116,0,1534.41,844.76,1615.01,602.18,30.84,369.71,278.72,924.15,1592.91,859.01,680.02,792.72,"10,124.45",,,,,
CRUISE LLC,AVT008,5G21A6P08L4100058,1,1503.26,1032.91,382.06,603.64,59.07,624.55,321.72,688.06,533.36,441.98,145.24,634.34,"6,970.18",,,,,
CRUISE LLC,AVT008,5G21A6P06L4100060,0,1456.71,989.50,780.21,409.69,0.00,10.12,214.63,769.28,482.55,22.19,97.69,25.78,"5,258.37",,,,,
CRUISE LLC,AVT008,5G21A6P07L4100164,1,1450.53,808.98,0.00,0.00,0.00,493.59,652.86,424.90,82.19,1079.19,1340.73,722.49,"7,055.46",,,,,
CRUISE LLC,AVT008,5G21A6P00L4100068,0,1428.97,1424.18,1156.32,968.92,19.64,554.21,62.39,626.77,711.17,838.03,726.56,710.37,"9,227.54",,,,,
CRUISE LLC,AVT008,5G21A6P04L4100168,0,1427.98,1325.91,1007.81,835.67,0.00,0.00,0.00,0.00,0.00,644.16,1189.67,855.62,"7,286.82",,,,,
CRUISE LLC,AVT008,5G21A6P09L4100165,0,1414.38,1503.28,1290.78,150.37,34.24,694.77,880.23,1006.58,1129.42,842.22,871.52,509.19,"10,326.98",,,,,
CRUISE LLC,AVT008,5G21A6P00L4100037,0,1404.34,1251.64,1422.92,0.00,0.00,14.80,419.68,261.37,1270.25,1052.68,549.10,539.15,"8,185.94",,,,,
CRUISE LLC,AVT008,5G21A6P02L4100069,0,1397.30,1077.53,763.49,392.03,46.27,552.44,595.85,431.20,757.42,719.57,1346.06,666.06,"8,745.22",,,,,
CRUISE LLC,AVT008,5G21A6P02L4100184,0,1376.81,1495.90,1881.60,825.99,56.70,166.31,230.87,943.93,749.42,869.38,1093.81,799.36,"10,490.08",,,,,
CRUISE LLC,AVT008,5G21A6P00L4100104,0,1371.85,1200.22,1073.05,364.60,120.52,521.43,526.82,536.01,875.45,518.87,1080.14,685.53,"8,874.49",,,,,
CRUISE LLC,AVT008,5G21A6P02L4100041,0,1367.21,900.49,740.51,519.80,0.00,97.32,84.39,406.74,1083.91,170.83,1010.43,885.97,"7,267.58",,,,,
CRUISE LLC,AVT008,5G21A6P03L4100033,0,1365.10,655.20,593.48,0.00,0.00,4.75,361.23,155.97,588.06,834.38,910.43,902.30,"6,370.89",,,,,
CRUISE LLC,AVT008,5G21A6P07L4100083,0,1361.22,1328.18,1106.09,590.77,0.00,366.32,512.81,1517.06,706.02,646.14,142.29,266.61,"8,543.49",,,,,
CRUISE LLC,AVT008,5G21A6P03L4100176,0,1304.52,786.70,970.34,717.55,36.69,239.99,450.97,527.26,1038.31,511.33,870.48,0.00,"7,454.14",,,,,
CRUISE LLC,AVT008,5G21A6P0XL4100076,0,1303.53,840.89,0.00,18.29,0.49,0.00,10.77,634.44,744.44,256.80,790.05,392.89,"4,992.59",,,,,
CRUISE LLC,AVT008,5G21A6P06L4100043,0,1297.22,1380.34,627.71,561.60,76.74,451.34,314.52,535.91,1101.19,752.32,447.08,931.22,"8,477.19",,,,,
CRUISE LLC,AVT008,5G21A6P09L4100179,0,1288.50,1199.83,1436.26,411.33,84.89,530.27,636.34,843.81,312.72,316.65,90.78,6.61,"7,157.98",,,,,
CRUISE LLC,AVT008,5G21A6P06L4100172,0,1267.57,1216.03,756.16,613.24,0.00,73.96,437.65,1001.13,781.58,581.71,914.93,1293.73,"8,937.70",,,,,
CRUISE LLC,AVT008,5G21A6P04L4100171,1,1260.64,1409.80,1059.95,331.95,0.00,260.23,208.42,673.09,999.36,800.75,824.11,479.44,"8,307.75",,,,,
CRUISE LLC,AVT008,5G21A6P01L4100029,1,1260.44,1174.11,985.04,293.99,0.00,0.00,0.00,615.26,1295.41,834.27,747.39,1214.14,"8,420.05",,,,,
CRUISE LLC,AVT008,5G21A6P07L4100178,0,1249.00,1632.32,1320.47,611.93,0.00,510.89,181.33,93.89,651.89,743.32,949.17,774.49,"8,718.69",,,,,
CRUISE LLC,AVT008,5G21A6P02L4100072,0,1216.40,1259.10,1624.67,431.08,161.10,488.94,379.27,719.47,780.60,799.90,411.02,668.85,"8,940.39",,,,,
CRUISE LLC,AVT008,5G21A6P0XL4100045,0,1208.64,1352.51,316.18,329.51,0.00,0.00,0.00,0.00,0.00,0.00,0.00,0.00,"3,206.84",,,,,
CRUISE LLC,AVT008,5G21A6P07L4100004,0,1200.28,1391.11,705.30,626.53,182.04,101.60,393.19,918.53,790.82,1028.28,929.51,922.32,"9,189.50",,,,,
CRUISE LLC,AVT008,5G21A6P06L4100074,2,1195.24,1248.11,1716.60,949.57,71.17,752.00,163.73,753.90,593.39,657.10,493.25,416.20,"9,010.27",,,,,
CRUISE LLC,AVT008,5G21A6P02L4100122,0,1193.31,1871.82,943.84,693.91,154.04,978.85,993.34,847.06,1135.84,812.40,1407.84,876.73,"11,908.98",,,,,
CRUISE LLC,AVT008,5G21A6P01L4100130,0,1185.52,1608.90,112.64,442.61,0.00,0.00,0.00,0.00,0.00,0.00,6.17,0.00,"3,355.83",,,,,
CRUISE LLC,AVT008,5G21A6P04L4100087,1,1181.70,1302.50,315.77,343.35,169.53,570.89,750.90,899.34,1166.52,811.35,575.90,383.61,"8,471.36",,,,,
CRUISE LLC,AVT008,5G21A6P08L4100142,1,1178.09,1266.51,1815.34,407.77,0.00,0.00,574.16,1518.50,1723.67,713.18,780.63,408.44,"10,386.27",,,,,
CRUISE LLC,AVT008,5G21A6P06L4100124,0,1173.46,1020.18,1633.97,293.22,35.49,288.40,871.84,794.29,1054.13,861.35,1083.11,623.21,"9,732.66",,,,,
CRUISE LLC,AVT008,5G21A6P09L4100120,0,1166.48,1174.22,1612.71,661.53,38.71,430.90,401.21,378.62,1518.58,1096.29,1236.39,1203.16,"10,918.81",,,,,
CRUISE LLC,AVT008,5G21A6P0XL4100191,0,1131.15,550.20,214.53,446.91,63.90,648.68,716.63,111.45,636.51,678.73,960.64,568.10,"6,727.43",,,,,
CRUISE LLC,AVT008,5G21A6P06L4100169,0,1104.67,1640.50,1154.35,686.34,55.75,203.24,475.75,320.90,568.37,806.32,1308.08,703.14,"9,027.41",,,,,
CRUISE LLC,AVT008,5G21A6P03L4100159,0,1101.48,1809.11,559.13,600.24,35.00,440.84,284.11,898.08,939.76,1046.32,487.79,1179.37,"9,381.23",,,,,
CRUISE LLC,AVT008,5G21A6P03L4100193,0,1098.18,1324.31,642.59,709.29,29.31,324.20,773.81,1163.21,976.60,879.93,1272.41,840.22,"10,034.08",,,,,
CRUISE LLC,AVT008,5G21A6P07L4100066,0,1067.29,892.40,529.88,210.40,21.09,605.17,762.29,375.37,586.50,626.71,702.89,839.07,"7,219.06",,,,,
CRUISE LLC,AVT008,5G21A6P0XL4100188,0,1047.08,788.39,1376.79,339.40,49.01,187.56,433.18,849.10,146.55,212.88,788.17,255.53,"6,473.63",,,,,
CRUISE LLC,AVT008,5G21A6P00L4100040,1,1029.44,1593.12,1276.48,568.62,47.52,719.80,103.53,785.56,630.64,968.76,450.78,599.98,"8,774.24",,,,,
CRUISE LLC,AVT008,5G21A6P01L4100189,0,993.12,998.79,1286.74,791.41,109.54,359.22,785.90,856.38,1109.15,736.10,862.08,1173.04,"10,061.49",,,,,
CRUISE LLC,AVT008,5G21A6P05L4100180,1,972.02,2150.91,1619.37,377.07,21.75,715.48,642.09,617.10,809.29,771.48,1117.59,687.80,"10,501.95",,,,,
CRUISE LLC,AVT008,5G21A6P03L4100047,0,968.57,1213.67,1372.75,941.34,127.30,448.44,374.26,1093.32,1084.13,646.64,1378.78,571.15,"10,220.34",,,,,
CRUISE LLC,AVT008,5G21A6P05L4100115,0,941.17,1738.76,1294.71,612.52,106.47,371.70,539.60,707.58,642.39,489.00,815.71,571.08,"8,830.69",,,,,
CRUISE LLC,AVT008,5G21A6P05L4100177,0,890.74,993.39,1072.94,471.07,22.11,398.76,378.03,955.47,669.89,751.06,1231.90,599.95,"8,435.30",,,,,
CRUISE LLC,AVT008,5G21A6P07L4100049,0,850.39,245.19,1154.33,339.72,0.00,153.85,532.02,1204.44,1182.58,293.42,1234.88,874.99,"8,065.80",,,,,
CRUISE LLC,AVT008,5G21A6P00L4100166,0,836.71,1913.73,1554.94,686.32,235.06,771.36,1036.73,742.26,1082.37,924.11,1125.31,1183.87,"12,092.77",,,,,
CRUISE LLC,AVT008,5G21A6P0XL4100160,0,832.78,586.10,1102.30,676.86,76.26,616.71,81.86,546.25,297.36,126.14,74.32,107.38,"5,124.33",,,,,
CRUISE LLC,AVT008,5G21A6P08L4100044,0,812.74,875.99,257.72,101.93,0.00,0.00,0.00,9.18,52.15,0.00,0.00,12.80,"2,122.51",,,,,
CRUISE LLC,AVT008,5G21A6P02L4100010,1,722.21,1047.08,1239.36,488.12,222.23,608.83,192.83,544.96,1288.64,617.69,1103.22,1127.42,"9,202.60",,,,,
CRUISE LLC,AVT008,5G21A6P02L4100119,1,680.01,976.62,1678.60,713.18,52.49,451.26,532.27,974.92,1768.18,720.26,554.53,595.12,"9,697.45",,,,,
CRUISE LLC,AVT008,5G21A6P00L4100121,0,672.53,1597.67,1578.74,541.18,188.05,465.43,720.26,865.85,1694.51,646.04,754.30,571.40,"10,295.96",,,,,
CRUISE LLC,AVT008,5G21A6P00L4100085,1,671.37,1125.68,219.34,274.11,0.00,696.78,687.87,1050.71,1577.47,719.05,1279.26,1380.07,"9,681.69",,,,,
CRUISE LLC,AVT008,5G21A6P01L4100127,0,664.11,1527.50,1263.12,845.27,170.18,918.45,794.33,1015.44,1270.50,885.67,821.01,1087.87,"11,263.45",,,,,
CRUISE LLC,AVT008,5G21A6P04L4100140,0,633.57,1093.95,245.52,101.01,0.00,189.27,201.36,196.11,0.00,64.72,159.46,105.12,"2,990.10",,,,,
CRUISE LLC,AVT008,5G21A6P03L4100016,1,620.61,796.46,228.98,0.00,0.00,0.00,533.90,238.62,641.49,496.40,939.21,839.51,"5,335.17",,,,,
CRUISE LLC,AVT008,5G21A6P0XL4100059,0,618.78,372.66,381.98,439.52,103.92,762.22,145.55,538.21,133.06,0.00,260.12,530.13,"4,286.17",,,,,
CRUISE LLC,AVT008,5G21A6P01L4100175,2,566.61,1695.35,1414.17,472.61,0.00,0.00,0.00,0.00,0.00,0.00,0.00,0.00,"4,148.73",,,,,
CRUISE LLC,AVT008,5G21A6P05L4100017,0,554.89,1112.74,833.51,395.85,42.26,579.81,476.84,80.59,373.36,811.29,213.08,321.12,"5,795.34",,,,,
CRUISE LLC,AVT008,5G21A6P08L4100139,0,541.79,566.04,441.15,345.38,16.34,117.09,573.21,434.42,561.87,910.22,1050.26,828.46,"6,386.25",,,,,
CRUISE LLC,AVT008,5G21A6P05L4100082,0,526.07,836.30,52.55,88.52,107.71,497.16,236.23,104.66,677.06,502.30,219.67,0.00,"3,848.24",,,,,
CRUISE LLC,AVT008,5G21A6P09L4100067,0,518.54,934.42,249.98,217.78,0.00,269.39,206.26,810.13,334.63,18.61,13.92,62.96,"3,636.63",,,,,
CRUISE LLC,AVT008,5G21A6P06L4100057,3,495.88,989.66,1090.53,772.31,201.71,761.67,876.13,962.69,1076.12,1028.17,25.62,939.91,"9,220.39",,,,,
CRUISE LLC,AVT008,5G21A6P07L4100035,0,491.45,468.34,645.10,125.33,0.00,0.00,0.00,65.73,167.28,78.13,66.64,112.41,"2,220.41",,,,,
CRUISE LLC,AVT008,5G21A6P04L4100073,1,482.82,1350.90,888.07,591.96,0.00,0.00,559.07,755.21,796.59,65.61,693.00,1108.90,"7,292.13",,,,,
CRUISE LLC,AVT008,5G21A6P01L4100077,0,438.14,665.18,262.31,190.11,0.00,0.00,0.00,0.00,0.00,0.00,6.15,0.00,"1,561.88",,,,,
CRUISE LLC,AVT008,5G21A6P09L4100117,0,412.32,204.05,937.77,228.10,0.00,16.84,15.54,54.32,263.91,486.37,504.48,1116.57,"4,240.27",,,,,
CRUISE LLC,AVT008,5G21A6P00L4100071,0,409.52,668.95,1492.95,693.71,0.00,155.26,874.18,462.51,512.72,890.91,747.52,560.03,"7,468.27",,,,,
CRUISE LLC,AVT008,5G21A6P06L4100186,0,401.48,739.98,1903.82,879.02,35.28,765.39,649.87,312.81,272.01,144.14,72.56,0.00,"6,176.37",,,,,
CRUISE LLC,AVT008,5G21A6P04L4100185,0,393.90,578.95,629.31,610.59,174.50,607.62,813.71,1058.78,882.03,820.10,1088.63,857.14,"8,515.26",,,,,
CRUISE LLC,AVT008,5G21A6P05L4100163,0,382.13,523.74,124.42,140.29,0.00,0.00,19.52,68.06,0.00,16.07,0.00,0.00,"1,274.23",,,,,
CRUISE LLC,AVT008,5G21A6P01L4100192,0,375.66,1204.24,1071.98,796.80,39.66,446.54,894.70,762.08,1185.49,353.59,1282.85,202.81,"8,616.41",,,,,
CRUISE LLC,AVT008,5G21A6P01L4100046,1,373.96,943.68,1076.48,542.00,79.71,734.85,745.01,1100.40,954.90,1119.91,1113.45,646.76,"9,431.10",,,,,
CRUISE LLC,AVT008,5G21A6P01L4100063,0,359.70,187.09,226.30,84.25,0.00,0.00,26.83,140.95,50.71,0.00,109.34,0.00,"1,185.17",,,,,
CRUISE LLC,AVT008,5G21A6P0XL4100126,0,353.42,760.18,1221.74,236.06,0.00,0.00,0.00,0.00,0.00,0.00,0.00,0.00,"2,571.40",,,,,
CRUISE LLC,AVT008,5G21A6P04L4100123,0,347.21,218.66,75.77,142.61,0.00,4.93,0.00,0.00,89.51,338.67,0.00,100.58,"1,317.94",,,,,
CRUISE LLC,AVT008,5G21A6P08L4100173,0,344.28,103.25,863.90,675.66,187.25,578.15,866.77,920.22,915.62,808.19,929.13,347.27,"7,539.69",,,,,
CRUISE LLC,AVT008,5G21A6P02L4100170,0,338.36,313.21,741.06,118.87,0.00,0.00,0.00,50.43,173.95,1187.72,652.87,903.26,"4,479.74",,,,,
CRUISE LLC,AVT008,5G21A6P08L4100075,0,329.09,0.00,0.00,0.00,0.00,0.00,64.21,497.02,573.84,673.58,689.02,694.58,"3,521.34",,,,,
CRUISE LLC,AVT008,5G21A6P01L4100032,0,315.08,944.20,1169.25,0.00,0.00,4.54,601.86,688.77,924.31,1146.35,914.43,817.16,"7,525.95",,,,,
CRUISE LLC,AVT008,5G21A6P09L4100005,0,298.89,405.48,1067.18,302.83,0.00,14.84,20.61,0.00,0.00,11.67,0.00,443.23,"2,564.72",,,,,
CRUISE LLC,AVT008,5G21A6P08L4100061,0,293.84,522.46,1110.97,529.02,78.58,350.29,431.45,374.28,853.55,256.17,976.81,871.71,"6,649.12",,,,,
CRUISE LLC,AVT008,5G21A6P02L4100167,0,232.44,1509.65,937.20,505.16,68.23,249.63,280.28,407.19,1160.02,1053.89,1156.67,1248.43,"8,808.79",,,,,
CRUISE LLC,AVT008,5G21A6P09L4100053,0,221.64,750.09,548.42,96.52,0.00,0.00,0.00,0.00,0.00,0.00,0.00,0.00,"1,616.67",,,,,
CRUISE LLC,AVT008,5G21A6P07L4100021,0,218.08,805.69,97.09,0.00,0.00,0.00,0.00,0.00,0.00,0.00,0.08,0.08,"1,121.02",,,,,
CRUISE LLC,AVT008,5G21A6P00L4100135,0,203.99,47.57,0.00,0.00,0.00,0.00,0.00,19.32,0.00,0.00,1.05,0.00,271.93,,,,,
CRUISE LLC,AVT008,5G21A6P00L4100023,0,201.55,53.07,536.24,6.36,0.00,0.00,0.00,60.32,150.00,0.00,224.77,211.42,"1,443.73",,,,,
CRUISE LLC,AVT008,5G21A6P08L4100187,2,194.08,1281.88,1291.01,431.80,97.20,587.41,820.41,728.23,739.42,901.95,1045.50,553.84,"8,672.74",,,,,
CRUISE LLC,AVT008,5G21A6P03L4100078,0,182.77,555.50,617.51,197.31,0.00,7.36,42.32,0.00,103.97,280.41,615.87,198.07,"2,801.11",,,,,
CRUISE LLC,AVT008,5G21A6P04L4100025,0,176.21,0.00,0.00,0.00,0.00,0.00,0.00,0.00,0.00,0.00,0.00,0.00,176.21,,,,,
CRUISE LLC,AVT008,5G21A6P08L4100125,0,175.52,801.56,415.56,408.52,69.46,238.86,0.00,3.83,0.00,0.00,68.38,0.02,"2,181.72",,,,,
CRUISE LLC,AVT008,5G21A6P09L4100070,2,160.58,1090.36,1682.03,903.78,66.36,412.69,340.42,446.39,854.61,962.53,888.85,637.49,"8,446.09",,,,,
CRUISE LLC,AVT008,5G21A6P04L4100042,0,152.37,193.24,1189.85,350.88,0.00,0.00,104.26,359.32,0.00,7.41,15.24,0.00,"2,372.58",,,,,
CRUISE LLC,AVT008,5G21A6P03L4100050,0,148.68,5.44,507.86,279.74,0.00,0.00,368.65,379.29,602.45,519.23,267.24,248.35,"3,326.93",,,,,
CRUISE LLC,AVT008,5G21A6P05L4100003,0,138.33,378.97,273.41,0.00,0.00,0.00,0.00,8.10,75.52,126.53,0.00,166.20,"1,167.06",,,,,
CRUISE LLC,AVT008,5G21A6P06L4100141,1,112.82,964.12,553.06,250.95,0.00,317.27,300.21,776.34,582.50,498.30,610.61,671.46,"5,637.64",,,,,
CRUISE LLC,AVT008,5G21A6P05L4100020,0,108.48,36.23,42.19,0.00,0.00,0.00,0.00,0.00,10.07,0.00,0.00,0.00,196.97,,,,,
CRUISE LLC,AVT008,5G21A6P09L4100084,0,104.42,79.56,890.59,299.08,0.00,0.00,0.00,58.59,239.57,746.27,596.16,719.13,"3,733.39",,,,,
CRUISE LLC,AVT008,5G21A6P05L4100132,0,100.36,623.38,1179.13,266.09,0.00,65.25,0.00,0.72,0.00,0.00,228.62,781.67,"3,245.22",,,,,
CRUISE LLC,AVT008,5G21A6P02L4100086,0,92.53,771.02,1245.08,604.91,0.00,345.29,418.36,755.70,927.01,964.29,1130.92,619.11,"7,874.24",,,,,
CRUISE LLC,AVT008,5G21A6P06L4100026,0,92.27,103.79,1289.92,324.35,178.36,717.20,869.34,962.89,404.72,56.51,27.40,8.20,"5,034.96",,,,,
CRUISE LLC,AVT008,5G21A6P03L4100131,0,91.88,1040.37,1401.10,573.28,39.62,578.91,420.53,1034.92,1441.81,1105.80,1287.28,0.00,"9,015.52",,,,,
CRUISE LLC,AVT008,5G21A6P0XL4100014,0,82.68,744.10,833.35,692.46,189.54,537.13,616.01,832.85,1033.36,381.25,444.60,632.92,"7,020.26",,,,,
CRUISE LLC,AVT008,5G21A6P05L4100048,0,69.22,623.49,1579.08,578.50,42.41,397.41,36.02,205.85,699.76,922.13,271.30,755.07,"6,180.24",,,,,
CRUISE LLC,AVT008,5G21A6P08L4100013,0,51.28,495.02,252.59,623.69,0.00,0.00,0.00,289.64,362.96,326.29,101.75,0.00,"2,503.22",,,,,
CRUISE LLC,AVT008,5G21A6P00L4100006,0,49.52,13.61,486.19,291.02,56.90,294.19,531.59,985.80,542.20,182.92,372.71,287.99,"4,094.63",,,,,
CRUISE LLC,AVT008,5G21A6P04L4100011,0,20.45,5.96,0.00,0.00,0.00,0.00,0.00,40.61,2.50,0.00,10.16,31.52,111.20,,,,,
CRUISE LLC,AVT008,5G21A6P05L4100051,0,5.50,0.00,0.00,0.00,0.00,0.00,0.00,0.00,0.00,0.00,0.00,0.00,5.50,,,,,
CRUISE LLC,AVT008,5G21A6P09L4100022,0,5.48,0.00,0.00,0.00,0.00,28.18,0.00,0.00,0.00,0.00,0.00,0.00,33.66,,,,,
CRUISE LLC,AVT008,5G21A6P08L4100030,0,5.46,0.00,0.00,52.72,0.00,0.00,7.79,347.98,89.66,333.09,0.00,0.00,836.69,,,,,
CRUISE LLC,AVT008,5G21A6P00L4100183,0,4.36,0.00,0.26,0.00,0.00,7.20,0.00,163.68,32.75,110.47,1.74,16.12,336.58,,,,,
CRUISE LLC,AVT008,5G21A6P00L4100054,0,0.00,0.00,0.00,0.00,0.00,0.00,0.00,0.00,0.00,0.00,0.00,10.63,10.63,,,,,
CRUISE LLC,AVT008,5G21A6P01L4100015,0,0.00,0.00,0.00,0.00,0.00,631.41,562.44,844.42,867.35,0.00,19.42,0.00,"2,925.05",,,,,
CRUISE LLC,AVT008,5G21A6P01L4100161,0,0.00,5.37,0.00,0.00,0.00,0.00,0.00,0.00,0.00,4.20,0.00,10.64,20.21,,,,,
CRUISE LLC,AVT008,5G21A6P05L4100065,0,0.00,52.22,0.00,0.00,0.00,0.00,0.00,0.00,9.36,0.00,656.18,57.28,775.04,,,,,
CRUISE LLC,AVT008,5G21A6P07L4100052,0,0.00,0.00,0.00,0.00,0.00,0.00,0.00,0.00,0.00,0.00,0.00,5.87,5.87,,,,,
CRUISE LLC,AVT008,5G21A6P09L4100036,0,0.00,0.00,0.00,0.00,0.00,30.09,55.26,372.87,238.38,0.00,8.94,18.35,723.89,,,,,
CRUISE LLC,AVT008,5G21A6P0XL4100062,0,0.00,0.00,0.00,0.00,0.00,0.00,0.00,0.00,12.62,354.86,73.86,103.28,544.62,,,,,
CRUISE LLC,AVT008,5G21A6P0XL4100143,0,0.00,1023.73,1272.30,436.51,153.48,369.94,510.38,1086.75,626.00,882.88,1068.55,1404.35,"8,834.88",,,,,
CRUISE LLC,AVT008,5G21A6P07L4100181,0,0.00,433.73,1184.10,600.98,46.28,841.09,436.15,1117.27,785.96,1033.53,1523.66,951.77,"8,954.52",,,,,
CRUISE LLC,AVT008,5G21A6P07L4100102,0,0.00,0.00,1169.51,283.69,0.00,291.37,219.85,259.76,537.71,1047.13,1231.36,1318.14,"6,358.52",,,,,
CRUISE LLC,AVT008,5G21A6P03L4100162,0,0.00,0.00,1297.99,376.62,0.00,0.00,0.00,0.00,0.00,0.00,0.00,0.00,"1,674.62",,,,,
CRUISE LLC,AVT008,5G21A6P0XL4110753,0,0.00,58.33,607.85,179.22,0.00,0.00,75.71,42.29,151.06,47.81,623.79,1196.58,"2,982.64",,,,,
CRUISE LLC,AVT008,5G21A6P09L4100134,0,0.00,0.00,454.13,343.67,0.00,20.04,232.59,1085.05,1173.32,703.88,178.30,0.00,"4,190.98",,,,,
CRUISE LLC,AVT008,5G21A6P04L4110408,0,0.00,0.00,685.48,169.38,0.00,0.00,153.21,65.22,281.60,648.56,840.43,701.50,"3,545.38",,,,,
CRUISE LLC,AVT008,5G21A6P02L4110407,0,0.00,106.02,555.02,162.56,0.00,0.00,11.03,50.58,184.52,0.00,56.23,9.03,"1,134.98",,,,,
CRUISE LLC,AVT008,5G21A6P09L4100182,0,0.00,27.57,351.42,0.00,0.00,212.84,424.71,291.05,537.26,382.50,215.43,118.10,"2,560.88",,,,,
CRUISE LLC,AVT008,5G21A6P06L4110751,0,0.00,155.60,500.37,0.00,0.00,2.56,0.00,56.90,167.92,52.23,62.56,33.21,"1,031.35",,,,,
CRUISE LLC,AVT008,5G21A6P08L4110752,0,0.00,191.10,464.02,5.46,0.00,30.14,165.19,52.00,177.41,199.06,230.62,60.00,"1,574.99",,,,,
CRUISE LLC,AVT008,5G21A6P04L4100008,0,0.00,138.41,428.47,333.64,0.00,0.00,35.30,1.98,0.00,0.00,0.00,91.54,"1,029.35",,,,,
CRUISE LLC,AVT008,5G21A6P03L4100128,0,0.00,0.00,0.00,329.16,0.00,0.00,0.00,31.38,0.00,0.00,0.00,86.63,447.17,,,,,
CRUISE LLC,AVT008,5G21A6P04L4100039,0,0.00,0.00,0.00,0.00,0.00,0.00,14.57,0.00,0.00,0.00,0.00,0.00,14.57,,,,,
CRUISE LLC,AVT008,5G21A6P0XL4100174,0,0.00,0.00,0.00,0.00,5.43,0.00,0.00,12.76,0.00,0.00,0.00,0.00,18.19,,,,,
CRUISE LLC,AVT008,5G21A6P06L4100012,0,0.00,0.00,0.00,0.00,11.60,0.00,0.00,0.00,0.00,0.00,10.17,0.00,21.77,,,,,
DiDi Research America LLC,AVT055,3LN6L5LU2HR663008,0,404.29,358.71,385.02,16.67,0,0,0,0,12.62,78.47,18.41,6.2,1280.39,,,,,
DiDi Research America LLC,AVT055,3LN6L5MU3JR619538,1,146.28,462,163.31,66,0,0,0,5.56,55.89,114.94,35.17,85.58,1134.73,,,,,
DiDi Research America LLC,AVT055,3LN6L5MU4JR608032,1,67.06,49.26,61.75,81.13,0,0,0,0,0,20.24,66.9,49.49,395.83,,,,,
DiDi Research America LLC,AVT055,3LN6L5MU4JR609133,0,1.93,136.15,170.3,399.81,0,0,0,0,0,0,118.28,2.32,828.79,,,,,
DiDi Research America LLC,AVT055,3LN6L5MU1JR609431,0,26.06,0,0,0,0,0,0,0,0,20.81,144.13,253.32,444.32,,,,,
DiDi Research America LLC,AVT055,3LN6L5MU4JR611142,0,195.6,203.28,432.16,157.75,0,0,0,0,0,0,140.16,351.66,1480.61,,,,,
DiDi Research America LLC,AVT055,3LN6L5MU7JR611619,0,461.5,254.02,420.95,200.01,0,0,18.87,9.21,42.02,4.23,39.19,0,1450,,,,,
DiDi Research America LLC,AVT055,3LN6L5MU5JR618049,0,246.88,464.02,58.82,41.89,0,0,0,5.47,4.28,0,3.49,0,824.85,,,,,
DiDi Research America LLC,AVT055,3LN6L5MU0JR618055,0,30.96,40.03,267.14,251.61,0,0,0,0,1.05,26.69,207.24,94.03,918.75,,,,,
DiDi Research America LLC,AVT055,3LN6L5LU5JR619400,0,0,0,0,1178.97,0,0,0,0.25,10.68,14.1,4.76,417.48,1626.24,,,,,
DiDi Research America LLC,AVT055,1N4AZ1CP6JC304058,0,0,1.64,3.64,0,0,0,0,0,0,0,0,0,5.28,,,,,
DiDi Research America LLC,AVT055,1N4AZ1CP5KC300293,0,0.2,0.43,9,2.07,0,0,0,0,0,0,0,0,11.7,,,,,
EasyMile,AVT058,VJRD1A10224000022,128,0,0,0,0,0,0,0,23,102,165,76,58,424,,,,,
Gatik AI Inc.,AVT054,NM0GS9F26K1412410,11,421,410,445,159,30,45,186,165,140,112,117,122,2352,,,,,
Gatik AI Inc.,AVT054,52CG2DGA7J0017503,0,0,0,0,0,0,0,0,0,0,0,0,0,0,,,,,
Gatik AI Inc.,AVT054,NM0LS7F25K1413020,0,0,0,0,0,0,0,0,0,0,0,0,0,0,,,,,
Lyft,AVT045,3FA6P0RU1KR135721,4,119.8528831,91.54806045,224.6521731,266.4165961,0,0,74.72619864,252.6901442,10.06738987,0,0,142.5655022,1182.518948,,,,,
Lyft,AVT045,3FA6P0RU2KR104428,10,130.406949,297.578054,250.6886722,39.71346802,0,0,0.870826393,0,34.38100262,0,0,60.08572075,813.724693,,,,,
Lyft,AVT045,3FA6P0RU5JR274913,3,187.9973187,337.0853947,440.1557726,114.58457,0,0,251.6944575,178.8228353,127.6473551,180.3368146,460.9055232,192.230759,2471.460801,,,,,
Lyft,AVT045,3FA6P0RU7KR136100,2,109.6954589,170.9343491,250.8458632,232.3574579,0,0,67.66209978,129.1843505,254.0579096,265.1980846,29.52435828,57.13377518,1566.593707,,,,,
Lyft,AVT045,3FA6P0RUXKR136012,7,118.0602764,126.0601047,268.4760599,277.0458239,0,0,15.29905995,171.7167303,487.0620442,282.4702178,446.6036422,158.3505795,2351.144539,,,,,
Lyft,AVT045,3FA6P0RU0JR149057,9,274.0262036,183.5848559,426.1553641,214.6744072,0,0,1.708939329,104.2007954,162.9419399,257.9088446,263.3175469,32.76180605,1921.280703,,,,,
Lyft,AVT045,3FA6P0RUXJR158090,2,5.70177048,258.5204661,210.9580082,22.34677807,0,0,0.469417467,32.08670528,176.048417,225.5347922,0,241.9947055,1173.66106,,,,,
Lyft,AVT045,3FA6P0RU1KR135962,4,173.2443777,201.6646089,323.3695571,1.792936207,0,0,177.0075379,47.41519616,215.1725009,97.54424999,237.6142078,77.24227253,1552.067445,,,,,
Lyft,AVT045,3FA6P0RU3JR214046,6,214.3929675,423.0746612,465.0748201,11.7830902,0,0,0.00231662,14.86482393,22.51709949,6.15975051,65.86487291,225.5755028,1449.309905,,,,,
Lyft,AVT045,3FA6P0RU7JR157950,6,283.042714,271.4891935,199.1753253,0,0,0,0,5.63048539,33.90109246,78.96057835,386.1856312,177.8611994,1436.246219,,,,,
Lyft,AVT045,3FA6P0RU3HR399516,10,510.9055877,252.324475,497.6487613,364.6004427,0,0,29.30125426,330.4816526,461.6566817,308.8771831,476.348511,45.78536251,3277.929912,,,,,
Lyft,AVT045,3FA6P0RU2JR203832,11,285.5035762,366.7250601,146.824759,8.71618037,0,0,8.321648067,75.80112059,13.20848577,0,0,0,905.1008301,,,,,
Lyft,AVT045,3FA6P0RU2JR120045,1,389.1587937,315.9471573,283.5027187,213.7609108,0,0,137.6262739,90.05499493,100.893943,146.1117693,84.40915665,68.55400037,1830.019719,,,,,
Lyft,AVT045,3FA6P0RU0HR408592,12,231.4652116,519.7340625,250.6510968,201.012586,0,0,7.70008483,304.9049111,417.9182452,611.6055217,714.5778037,280.2440925,3539.813616,,,,,
Lyft,AVT045,3FA6P0RU2JR158004,9,355.0025942,353.5278349,417.6463606,13.2876373,0,0,5.83574793,82.49423539,0,0,0,0,1227.79441,,,,,
Lyft,AVT045,3FA6P0RU0JR149687,5,215.5294669,548.9242588,126.1356933,104.62693,0,0,0.424488112,149.612285,0.23107192,0,13.47322112,0,1158.957415,,,,,
Lyft,AVT045,3FA6P0RU2JR144443,5,472.2776636,419.3848137,289.541718,72.63973652,0,0,104.2468006,61.86217461,0,0,0,0,1419.952907,,,,,
Lyft,AVT045,3FA6P0RU3KR135669,12,224.6835079,526.3431813,408.7516816,114.4207315,0,0,219.2430828,193.7397811,211.0701663,207.4758361,482.8147595,97.3193639,2685.862092,,,,,
Lyft,AVT045,3FA6P0RU1HR350928,5,0,315.4951179,340.1682708,98.90398912,0,0,0.110078168,13.24203435,0,0,0,0,767.9194904,,,,,
"Mercedes Benz Research & Development North America, Inc",AVT002,WDDUG8GB3JA405273,33,79.54,699.66,1787.68,1611.84,64.62,812.13,0,2209.60,2185.98,2091.53,2493.56,1813.16,15849.31,,,,,
"Mercedes Benz Research & Development North America, Inc",AVT002,W1K6G7GBXMA000924,8,0,0,0,0,0,0,0,0,0,0,0,1734.25,1734.25,,,,,
"Mercedes Benz Research & Development North America, Inc",AVT002,WDDUG8GB9KA439459,4,0,0,0,0,0,0,0,148.50,461.10,0,0,0,609.60,,,,,
"Mercedes Benz Research & Development North America, Inc",AVT002,WDD2221591A417319,77,0,701.18,401.82,244.01,0,0,0,0,0,0,0,0,1347.01,,,,,
"Mercedes Benz Research & Development North America, Inc",AVT002,WDD2221591A470147,187,14.99,304.5,380.4,71.5,0,0,15.57,0,0,0,56.99,43.22,887.17,,,,,
"Mercedes Benz Research & Development North America, Inc",AVT002,WDD2221591A470238,233,545.95,1305.76,1429.35,493.11,0,0,0,0,0,0,0,0,3774.17,,,,,
"Mercedes Benz Research & Development North America, Inc",AVT002,WDD2221591A470497,273,384.88,1069.72,1388.78,87.4,0,0,0,0,0,0,0,0,2930.78,,,,,
"Mercedes Benz Research & Development North America, Inc",AVT002,WDD2221591A470500,123,289.83,399,138,15.5,0,0,24.98,88.94,19.41,0,0,14.87,990.52,,,,,
"Mercedes Benz Research & Development North America, Inc",AVT002,WDD2221591A470502,57,327.41,554.46,200.65,30.11,0,0,0,0,0,0,0,0,1112.62,,,,,
"Mercedes Benz Research & Development North America, Inc",AVT002,WDD2221591A470796,172,159.68,92.69,171.04,9.67,0,0,0,0,24.45,147.93,84.21,58.71,748.37,,,,,
"Nissan North America, INC",AVT007,JN1BV7AP1EM685949,0,0,0,0,0,0,0,0,0,0,0,0,0,0.00,,,,,
"Nissan North America, INC",AVT007,JN1BV7AP3FM349849,2,81.9,25.6,236.4,49.1,0,0,0,0,0,0,0,0,393,,,,,
"Nissan North America, INC",AVT007,1N4BZ0CP6GC302978,2,0,0,1.5,0,0,0,0,0,0,0,0,0,1.5,,,,,
"Nissan North America, INC",AVT007,1N4BZ0CP6GC311826,0,0,0,0,0,0,0,0,0,0,0,0,0,0.00,,,,,
"Nuro, Inc",AVT028,JTDKN3DP3D3041696,0,691.58,1502.18,1240.37,374.8,0,0.01,45.47,832.88,1228.36,837.15,498.73,502.76,7754.29,,,,,
"Nuro, Inc",AVT028,JTDKN3DP3C3011760,1,961.72,832.23,573.71,472.28,0,1.28,9.84,6.28,0.59,359.29,683.64,238.76,4139.62,,,,,
"Nuro, Inc",AVT028,JTDKN3DP4F3074838,0,22.32,192.63,0.75,3.84,0,0,19.63,815.46,951.14,0,62.26,203.05,2271.08,,,,,
"Nuro, Inc",AVT028,JTDKN3DPXE3050185,1,1134.31,191.9,467.67,540.48,0,0,0,325.61,734.52,408.94,690.66,75.2,4569.29,,,,,
"Nuro, Inc",AVT028,JTDKN3DP6D3042602,1,532.46,971.91,1233.22,238.71,0,0,0,169.86,893.14,688.36,695.21,40.38,5463.25,,,,,
"Nuro, Inc",AVT028,JTDKN3DP3C3020295,2,100.63,381.22,645.43,79.22,0,0,0,778.82,712.87,511.06,521.39,0.66,3731.3,,,,,
"Nuro, Inc",AVT028,JTDKN3DP0C3014583,0,519.96,1166.42,64.37,0,0,0,0,84.13,0,7.13,0,117.73,1959.74,,,,,
"Nuro, Inc",AVT028,JTDKN3DP8D3041242,0,102.54,486.32,533.97,290.76,0,0,31.92,237.13,0,41.05,26.41,162.2,1912.3,,,,,
"Nuro, Inc",AVT028,JTDKN3DPXF3070616,1,755.39,718.19,543.74,481.66,0,0,155.01,812.15,1381.27,1021.71,882.53,251.5,7003.15,,,,,
"Nuro, Inc",AVT028,JTDKN3DP2C3011362,2,177.14,653.93,1431.88,250.24,0,0,0,732.84,495.47,451.39,415.66,254.25,4862.8,,,,,
"Nuro, Inc",AVT028,JTDKN3DP2C3004167,0,1148.97,348.56,0,0,0,0,0,0,0,0,0,0,1497.53,,,,,
"Nuro, Inc",AVT028,JTDKN3DP5C3006401,0,60.82,0,0,0,0,0,0,0,0,0,0,0,60.82,,,,,
"Nuro, Inc",AVT028,JTDKN3DP3C3008373,0,0,0,0,0,0,0,0,4.54,1.95,83.33,6.78,0,96.6,,,,,
"Nuro, Inc",AVT028,JTDKN3DP5C3001652,0,0,22.17,275.9,0,0,0,0,0,0,0,0,0,298.07,,,,,
"Nuro, Inc",AVT028,JTDKN3DPXC3004725,2,684.22,721.05,413.95,0,0,0,0,0,0,0,0,0,1819.22,,,,,
"Nuro, Inc",AVT028,JTDKN3DP1C3010476,0,0,0,0,34.1,0,0,0,4.59,7.39,19.09,0,8.72,73.89,,,,,
"Nuro, Inc",AVT028,JTDKN3DP9C3015182,0,0,0,0,0,0,0,17.41,164.31,929.69,1226.22,808.09,451.81,3597.53,,,,,
"Nuro, Inc",AVT028,JTDKN3DP8D3037837,1,0,431.06,820.66,291.15,0,0,0,176.28,43.78,213.97,202.05,196.52,2375.47,,,,,
"Nuro, Inc",AVT028,JTDKARFU0L3104642,0,0,0,0,0,0,0,0,0,110.39,522.78,766.62,474.72,1874.51,,,,,
"Nuro, Inc",AVT028,1N90NUR06KR385008,0,0,0,0,0,0,0,0,9.38,0,0,0,0,9.38,,,,,
NVIDIA,AVT020,3FA6P0RU6HR272968,42,139,141,220,28,0,0,0,0,75,28,48,44,723,,,,,
NVIDIA,AVT020,3FA6P0RU2HR403815,7,6,44,31,0,0,0,0,76,0,0,0,0,157,,,,,
NVIDIA,AVT020,3FA6P0RUXHR247670,10,0,0,62,0,0,0,0,0,0,0,0,0,62,,,,,
NVIDIA,AVT020,3FA6PORU8HR293837,16,13,123,128,0,0,2,0,0,0,0,0,0,266,,,,,
NVIDIA,AVT020,3FA6P0RU9JR158968,15,3,122,17,0,0,0,0,0,0,0,0,0,142,,,,,
NVIDIA,AVT020,3FA6P0RU7JR158970,20,15,84,274,12,0,0,0,140,72,20,0,0,617,,,,,
NVIDIA,AVT020,3FA6PORUOJR158969,15,90,32,45,12,41,127,97,107,166,156,153,40,1066,,,,,
"PONY.AI, INC.",AVT032,3LN6L5LU6HR6267668,1,2193,3091,2941,1319,15,378,418,550,496,561,427,747,13136,,,,,
"PONY.AI, INC.",AVT032,3LN6L5LU3JR627494,2,2424,2983,1376,1368,0,1473,524,259,139,588,480,340,11954,,,,,
"PONY.AI, INC.",AVT032,3LN6L5MU9KR623692,1,2247,1550,1544,349,0,7,467,711,608,623,789,749,9644,,,,,
"PONY.AI, INC.",AVT032,3LN6L5MU3KR620979,2,1661,2089,1504,992,205,439,319,267,270,314,763,771,9594,,,,,
"PONY.AI, INC.",AVT032,3LN6L5MUXHR603170,0,0,0,0,0,0,0,0,0,0,0,0,0,0,,,,,
"PONY.AI, INC.",AVT032,3LN6L5MU9HR606240,0,0,0,0,0,0,0,0,0,0,0,0,0,0,,,,,
"PONY.AI, INC.",AVT032,3LN6L5MU0JR608710,2,2120,2747,2532,1450,0,1344,601,550,521,854,591,472,13782,,,,,
"PONY.AI, INC.",AVT032,3LN6L5MU5HR634813,0,1814,1841,2337,1323,0,1001,555,300,754,833,877,1266,12901,,,,,
"PONY.AI, INC.",AVT032,3LN6L5LU5JR601477,2,2104,2856,2504,1135,0,1248,750,235,559,607,309,447,12754,,,,,
"PONY.AI, INC.",AVT032,KM8K23AG7LU072497,1,0,0,0,0,0,0,13,384,555,402,190,332,1876,,,,,
"PONY.AI, INC.",AVT032,KM8K23AG4LU072537,0,0,0,0,0,0,0,0,0,0,0,0,0,0,,,,,
"PONY.AI, INC.",AVT032,3LN6L5LU5JR626122,1,2264,2644,647,159,136,0,0,0,0,0,0,0,5850,,,,,
"PONY.AI, INC.",AVT032,KM8K33AG2KU054517,0,0,0,0,14,240,746,489,497,517,342,425,12,3282,,,,,
"PONY.AI, INC.",AVT032,KM8K23AG5LU072708,1,0,0,0,0,0,0,0,342,897,131,471,270,2111,,,,,
"PONY.AI, INC.",AVT032,KM8K23AG3LU072335,0,0,0,0,0,0,0,0,0,0,0,0,58,58,,,,,
"PONY.AI, INC.",AVT032,KM8K23AG5LU072529,0,0,0,0,0,0,0,0,0,0,0,0,0,0,,,,,
"PONY.AI, INC.",AVT032,JTDKARFU5J3549486,0,539,740,460,377,0,0,0,0,0,0,0,0,2116,,,,,
"PONY.AI, INC.",AVT032,JTDKARFU2J3060995,0,719,1206,1091,501,0,0,0,0,0,0,0,0,3517,,,,,
"PONY.AI, INC.",AVT032,KM8K31AG9JU000075,0,0,0,0,0,0,0,0,0,0,0,0,0,0,,,,,
"PONY.AI, INC.",AVT032,KM8K23AG4KU030836,0,1821,1941,2066,1093,0,632,394,452,971,530,458,1744,12102,,,,,
"PONY.AI, INC.",AVT032,KM8K23AG4KU030822,1,1645,2635,2028,1179,0,470,547,612,1115,1050,921,1133,13335,,,,,
"PONY.AI, INC.",AVT032,KM8K23AG7KU030894,1,1646,2307,2355,1104,0,405,851,1138,1335,2161,1439,1166,15907,,,,,
"PONY.AI, INC.",AVT032,KM8K23AG5KU030909,0,992,2126,1316,1178,0,13,94,551,39,767,616,1126,8818,,,,,
"PONY.AI, INC.",AVT032,KM8K23AG2KU030916,1,1621,1876,1823,1067,85,148,926,1748,1902,1302,1592,1892,15982,,,,,
"PONY.AI, INC.",AVT032,KM8K23AG9KU030248,1,1480,1227,1814,879,81,260,726,1445,1669,1155,1394,1243,13373,,,,,
"PONY.AI, INC.",AVT032,KM8K23AG7KU030829,2,1425,1702,1515,771,103,0,0,66,768,1105,1139,956,9550,,,,,
"PONY.AI, INC.",AVT032,KM8K23AG6KU030241,1,1595,1729,1510,496,0,87,295,0,1500,1442,1468,178,10300,,,,,
"PONY.AI, INC.",AVT032,KM8K23AG6KU030255,0,1269,1879,1332,890,0,205,44,868,1552,1061,920,836,10856,,,,,
"PONY.AI, INC.",AVT032,KM8K23AG0KU030901,1,1552,2175,2254,1166,93,451,1267,1313,666,687,680,394,12698,,,,,
"QUALCOMM TECHNOLOGIES, INC.",AVT047,3LN6L5LU9HR650658,23,0,73,59,28,0,0,0,0,0,0,0,24,184,,,,,
"QUALCOMM TECHNOLOGIES, INC.",AVT047,3LN6L5LU0HR663007,29,25,0,0,0,146,677,163,0,0,0,0,64,1075,,,,,
"QUALCOMM TECHNOLOGIES, INC.",AVT047,3LN6L5MU1JR627234,38,69,15,199,66,0,0,53,0,46,20,0,0,468,,,,,
Ridecell Inc,AVT062,3FA6P0RU5JR110979,189,0,7.63,0,26.7,0,0,0,0,2.2,48.2,62.9,0,147.63,,,,,
"SF Motors, Inc.",AVT049,3LN6L5MU5HR665513,13,11.68,0,0,86.98,0,0,0,38.09,0,9.51,0,0,146.26,,,,,
"SF Motors, Inc.",AVT049,3LN6L5LU4JR627181,48,42.98,0,34.53,0,0,0,0,48.24,0,18.53,561.13,23.02,728.43,,,,,
"Telenav, Inc.",AVT019,3LN6L2LU7GR627456,2,1,1,2,0,0,0,0,0,0,0,0,0,4,,,,,
Toyota Research Institute,AVT050,JTHDU1EF6G5020094,164,123,120,56,28,0,0,0,0,0,0,0,0,327,,,,,
Toyota Research Institute,AVT050,JTHDU1EF0G5020107,190,53,146,55,26,0,0,0,0,0,0,0,0,280,,,,,
Toyota Research Institute,AVT050,JTHDU1EF3G5020098,228,112,115,85,132,0,0,0,0,0,0,0,0,444,,,,,
Toyota Research Institute,AVT050,JTHDU1EF0G5020124,218,101,107,35,50,0,0,0,0,0,0,0,0,293,,,,,
Toyota Research Institute,AVT050,JTHCYLFF9J5001363,191,0,179,53,93,0,0,0,0,0,0,0,0,325,,,,,
Toyota Research Institute,AVT050,JTHCYLFF0J5001364,114,0,0,0,0,0,0,0,62,85,102,184,150,583,,,,,
Toyota Research Institute,AVT050,JTHCYLFFXJ5001291,110,0,0,0,0,0,0,0,0,51,199,190,183,623,,,,,
"Udelv, Inc",AVT029,NM0LS7F79J1360493,49,34,8,8,16,0,0,0,0,0,0,0,0,66,,,,,
"Udelv, Inc",AVT029,NM0LE7F71J1361953,0,0,0,0,0,0,0,0,0,0,0,0,0,0,,,,,
Valeo North America Inc.,AVT017,SALVN2BG7FH960125,99,0,0,0,0,0,0,0,0,0,0,7,42,49,,,,,
Valeo North America Inc.,AVT017,1V2NR2CA2JC509341,0,0,0,0,0,0,0,0,0,0,0,0,0,0,,,,,
Waymo LLC,AVT003,2C4RC1K71HR534642,0,0,0,0,0,0,0,0,0,0,0,0,0,0,,,,,
Waymo LLC,AVT003,2C4RC1K73HR534643,0,0,0,0,0,0,0,0,0,0,0,0,0,0,,,,,
Waymo LLC,AVT003,2C4RC1K78HR534637,0,138,148.7,122.3,0,0,0,0,0,0,0,0,0,409,,,,,
Waymo LLC,AVT003,2C4RC1K7XHR534641,0,0,143.8,269.5,532.1,0,0,0,0,0,0,0,0,945.4,,,,,
Waymo LLC,AVT003,2C4RC1K74HR534652,0,138.7,582.1,376.9,433.2,0,0,0,0,0,0,0,0,1531.1,,,,,
Waymo LLC,AVT003,2C4RC1K75HR534644,0,0,0,0,0,0,0,0,0,0,0,0,0,0,,,,,
Waymo LLC,AVT003,2C4RC1K74HR534635,0,0,0,0,0,0,0,0,0,0,0,0,0,0,,,,,
Waymo LLC,AVT003,2C4RC1K76HR534667,0,0,0,0,0,0,0,0,0,0,0,0,0,0,,,,,
Waymo LLC,AVT003,2C4RC1K79HR534680,0,0,0,0,0,0,0,0,0,0,0,0,0,0,,,,,
Waymo LLC,AVT003,2C4RC1K73HR534691,0,1085.4,1010.8,428.7,717,0,0,0,769.3,1153,0,93.6,130.6,5388.4,,,,,
Waymo LLC,AVT003,2C4RC1K72HR534701,0,1238,1021.4,646.4,369.9,0,0,0,0,0,0,0,0,3275.7,,,,,
Waymo LLC,AVT003,2C4RC1K7XHR534672,0,27.9,0.4,1117.1,0,0,0,0,0,0,0,0,0,1145.4,,,,,
Waymo LLC,AVT003,2C4RC1K77HR534676,0,0,4.7,0,192.1,0,0,0,0,1.1,0.6,0,3.6,202.1,,,,,
Waymo LLC,AVT003,2C4RC1K7XHR534686,0,0,0,0,0,0,0,0,0,0,0,0,0,0,,,,,
Waymo LLC,AVT003,2C4RC1K78HR534640,0,0,0,0,0,0,0,0,0,0,0,0,0,0,,,,,
Waymo LLC,AVT003,2C4RC1K73HR534674,0,380.3,412,347.6,1034.6,0,0,0,0,21.3,327.5,514.9,37.8,3076,,,,,
Waymo LLC,AVT003,2C4RC1K78HR534699,0,144.3,123,0,100.4,0,0,0,0,0,20.4,0,0,388.1,,,,,
Waymo LLC,AVT003,2C4RC1K7XHR534705,1,79.1,100.8,114.4,23,0,0,0,29.2,1922.9,1157.1,503,309,4238.5,,,,,
Waymo LLC,AVT003,2C4RC1K70HR534664,0,1381.1,987.8,159.5,130.2,0,0,0,0,0,0,0,0,2658.6,,,,,
Waymo LLC,AVT003,2C4RC1K74HR534666,0,41.9,236.1,406.4,154.8,0,0,0,0,0,0,0,0,839.1,,,,,
Waymo LLC,AVT003,2C4RC1K76HR534703,0,1009.8,821.5,1692.9,177.7,0,0,0.6,0,0,0,0,0,3702.5,,,,,
Waymo LLC,AVT003,2C4RC1K73HR534710,0,0,315.9,336.6,319.1,0,0,0,0,0,0,0,0,971.6,,,,,
Waymo LLC,AVT003,2C4RC1K78HR534704,0,0,0,0,0,0,0,0,0,0,0,0,0,0,,,,,
Waymo LLC,AVT003,2C4RC1K79HR534677,0,356,573.2,529.5,130.8,0,0,0,0,0,0,0,0,1589.5,,,,,
Waymo LLC,AVT003,2C4RC1K73HR534660,0,812.6,1332.3,2515.1,425.3,0,0,0,0,0.8,1104,2707.6,21.1,8918.9,,,,,
Waymo LLC,AVT003,2C4RC1K71HR534687,0,949.7,999.7,0,0,0,0,132,695.5,239.5,0,444.7,0,3461.2,,,,,
Waymo LLC,AVT003,2C4RC1K77HR534645,0,900.4,921.8,417.1,415.1,0,0,0,257.4,219.6,0,0,0,3131.5,,,,,
Waymo LLC,AVT003,2C4RC1K72HR534665,0,167.7,733.8,1575.5,13.2,0,0,428.3,206.8,2469.5,914.5,0,0,6509.4,,,,,
Waymo LLC,AVT003,2C4RC1K76HR534670,0,533.8,763.3,1607.7,448.1,0,0,0,3.2,0,0,0,0,3356.2,,,,,
Waymo LLC,AVT003,2C4RC1K77HR534662,0,749.2,988.6,462.7,316.8,0,0,0,0,0,0,242,185.7,2945,,,,,
Waymo LLC,AVT003,2C4RC1K77HR534659,0,921.8,1088.3,265.5,403.4,0,0,0,0,0,0,0,0,2679,,,,,
Waymo LLC,AVT003,2C4RC1K70HR534647,0,0,0,0,0,0,0,0,0,0,0,0,0,0,,,,,
Waymo LLC,AVT003,2C4RC1K79HR534694,0,0,0,0,0,0,0,0,0,0,0,0,0,0,,,,,
Waymo LLC,AVT003,2C4RC1K72HR534696,0,630.2,817.1,601.2,266,0,0,0,638.2,924.1,536.5,20.1,5.1,4438.5,,,,,
Waymo LLC,AVT003,2C4RC1K70HR534650,0,194.8,171.8,80,15.6,0,0,0,0,0,245.7,189.2,401.9,1299.1,,,,,
Waymo LLC,AVT003,2C4RC1K76HR534684,0,0,0,0,0,0,0,0,0,0,0,0,0,0,,,,,
Waymo LLC,AVT003,2C4RC1K74HR534697,0,0,0,0,0,0,0,0,0,0,0,0,0,0,,,,,
Waymo LLC,AVT003,2C4RC1K70HR534681,0,848.6,837.7,1210.5,387.9,0,0,597.9,1415.9,0,77.1,160.4,62.4,5598.4,,,,,
Waymo LLC,AVT003,2C4RC1K70HR534695,0,146.3,241.7,820,58.6,0,0,0,0,0,0,0,0,1266.6,,,,,
Waymo LLC,AVT003,2C4RC1K77HR534693,0,87.6,95.2,353,342.1,0,0,107.6,0,0,0,98.7,593.4,1677.6,,,,,
Waymo LLC,AVT003,2C4RC1K76HR534653,0,0,412.7,525.7,239.5,0,0,0,1075.9,1064.6,1425.2,177.3,280.5,5201.4,,,,,
Waymo LLC,AVT003,2C4RC1K71HR534673,0,650.3,997.5,1024.3,215.5,0,0,0,0,0,0,0,0,2887.6,,,,,
Waymo LLC,AVT003,2C4RC1K76HR534698,1,923.5,607.7,269.7,408.2,0,0,59.9,0,0,0,65.1,610.5,2944.6,,,,,
Waymo LLC,AVT003,2C4RC1K75HR534658,0,148.8,0,0,0,0,0,0,0,0,0,0,0,148.8,,,,,
Waymo LLC,AVT003,2C4RC1K75HR534708,0,0,0,0,0,0,0,0,0,0,0,0,0,0,,,,,
Waymo LLC,AVT003,2C4RC1K76HR695701,0,0,0,0,0,0,0,0,0,0,0,0,0,0,,,,,
Waymo LLC,AVT003,2C4RC1K78HR695702,0,793.8,873.7,77.8,146.9,0,0,0,56.7,209,675.9,0,0,2833.8,,,,,
Waymo LLC,AVT003,2C4RC1K7XHR695698,0,417.1,418.6,101.9,188.2,0,0,0,0,0,430.9,433.5,663.5,2653.6,,,,,
Waymo LLC,AVT003,2C4RC1K76HR695696,0,577.9,962.3,220.8,236.2,0,0,0,0,2376.8,714.5,0,0,5088.5,,,,,
Waymo LLC,AVT003,2C4RC1K78HR695697,0,0,6,0,432.4,0,0,0,742.7,0,0,0,163.6,1344.6,,,,,
Waymo LLC,AVT003,2C4RC1K74HR695700,0,104.9,116.3,0,460.2,0,0,0,149,1134.3,1024.9,772.1,12.4,3774.3,,,,,
Waymo LLC,AVT003,2C4RC1K75HR695690,0,536.8,712.4,910.7,248.2,0,0,0,0,17,724,40,0,3189.1,,,,,
Waymo LLC,AVT003,2C4RC1K77HR695691,0,0,0,0,0,0,0,0,0,0,0,0,0,0,,,,,
Waymo LLC,AVT003,2C4RC1K73HR695705,0,897,888.9,292.1,373.1,0,0,0,0,0,779.4,267.4,529,4026.9,,,,,
Waymo LLC,AVT003,2C4RC1K75HR695706,1,375.3,564.1,439.7,319,0,0,0,0,388.2,375.3,366.1,205.5,3033.3,,,,,
Waymo LLC,AVT003,2C4RC1K71HR695699,1,932.7,685.5,604.8,385.2,0,0,0,246.1,1598.7,971.6,25.5,650.2,6100.3,,,,,
Waymo LLC,AVT003,2C4RC1K71HR833838,0,29,9,0,0,0,0,0,0,0,0,0,0,38,,,,,
Waymo LLC,AVT003,2C4RC1K75HR812331,0,1858.6,1124.8,1665.7,506.2,0,0,123.4,1160,1925.9,1401.2,1492.2,444.2,11702.2,,,,,
Waymo LLC,AVT003,2C4RC1K73HR822193,0,0,0,0,0,0,0,0,0,0,386,161.3,0,547.2,,,,,
Waymo LLC,AVT003,2C4RC1K70HR797365,0,0,0,0,0,0,0,0,0,0,0,0.1,0,0.1,,,,,
Waymo LLC,AVT003,2C4RC1K7XHR833854,0,0,0,0,0,0,0,0,0,0,0,769,616.1,1385.1,,,,,
Waymo LLC,AVT003,2C4RC1K76HR797399,0,0,0,0,0,0,0,0,0,0,0,435.5,0,435.5,,,,,
Waymo LLC,AVT003,2C4RC1K74HR797353,0,0,0,0,0,0,0,0,0,0,1072.6,0,0,1072.6,,,,,
Waymo LLC,AVT003,2C4RC1K78HR805485,0,0,0,0,0,0,0,0,0,0,185.5,0,0,185.5,,,,,
Waymo LLC,AVT003,2C4RC1K71HR822192,0,0,0,0,0,0,0,0,0,0,0,41.3,0,41.3,,,,,
Waymo LLC,AVT003,2C4RC1K73HR797375,0,0,0,0,0,0,0,0,0,0,0,225.5,599.6,825,,,,,
Waymo LLC,AVT003,2C4RC1K78HR833870,0,0,0,0,0,0,0,0,0,0,0,105.3,0,105.3,,,,,
Waymo LLC,AVT003,2C4RC1K78HR797386,0,0,0,0,0,0,0,0,0,0,141.7,246.3,41.5,429.5,,,,,
Waymo LLC,AVT003,2C4RC1K78HR824232,0,0,0,0,0,0,0,0,0,0,0,0,0,0,,,,,
Waymo LLC,AVT003,2C4RC1K70HR797317,0,0,0,0,0,0,0,0,0,0,0,320,658,978,,,,,
Waymo LLC,AVT003,2C4RC1K73HR805510,0,0,0,0,0,0,0,0,0,0,0,0,0,0,,,,,
Waymo LLC,AVT003,2C4RC1K73HR797294,0,0,0,0,0,0,0,0,0,0,0,0,0,0,,,,,
Waymo LLC,AVT003,2C4RC1K70HR833796,1,1999.6,2426.9,1496.4,220.6,0,0,583.5,836.5,2090.5,286.9,0,0,9941,,,,,
Waymo LLC,AVT003,2C4RC1K78HR833772,0,3137.9,3013.3,928.8,944,0,0,568.8,2005.2,683.2,1889,679.4,82.4,13932,,,,,
Waymo LLC,AVT003,2C4RC1K76HR822205,0,2009.5,2616.7,3197.8,1537.3,0,0,1075.3,1504.7,0.1,6.3,1876.7,697.6,14522.1,,,,,
Waymo LLC,AVT003,2C4RC1K78HR797324,1,2324.5,2014.1,2679.2,1836.8,0,0,1041.4,1066.8,1479.6,1416.2,1893.3,1374.3,17126.1,,,,,
Waymo LLC,AVT003,2C4RC1K7XHR827262,0,3098.9,2335.9,2045,1419.3,0,0,76.8,974.3,0,0,245.8,106.5,10302.5,,,,,
Waymo LLC,AVT003,2C4RC1K70HR805481,0,0,0,0,0,0,0,0,0,0,0,3.7,3.1,6.8,,,,,
Waymo LLC,AVT003,2C4RC1K77HR805512,2,1848.6,1111,2878.6,1329.3,0,0,0,0,0,49.5,159.7,232.9,7609.7,,,,,
Waymo LLC,AVT003,2C4RC1K76HR805453,0,0,0,0,0,0,0,0,0,0,8.9,1151.4,473.9,1634.2,,,,,
Waymo LLC,AVT003,2C4RC1K72HR827238,0,2518.5,1588.9,3.1,1701.7,0,0,1124.9,42.7,5.5,0,303.7,143.3,7432.3,,,,,
Waymo LLC,AVT003,2C4RC1K79HR797381,0,2361.9,1511.3,3107.1,1177.6,0,0,977.3,2386.3,1753.7,2425.1,833.5,736.1,17269.9,,,,,
Waymo LLC,AVT003,2C4RC1K74HR797398,0,0,0,0,0,0,0,0,0,0,0,0,0,0,,,,,
Waymo LLC,AVT003,2C4RC1K79HR824255,0,14,293.7,239.4,1873,0,0,0,0,1505.9,595.9,1342.8,889.3,6754,,,,,
Waymo LLC,AVT003,2C4RC1K79HR833859,1,1477.1,2763.7,1523.9,1727.3,0,0,201.8,0,0,0,175.7,1373.8,9243.3,,,,,
Waymo LLC,AVT003,2C4RC1K74HR805497,0,2949.8,2294.3,2743.3,1580.8,0,0,184.2,750.4,2149.4,44.8,586.5,434.1,13717.8,,,,,
Waymo LLC,AVT003,2C4RC1K73HR833808,0,0,0,0,0,0,0,0,0,0,196.4,0,1199.8,1396.2,,,,,
Waymo LLC,AVT003,2C4RC1K78HR805518,0,1615.1,1710,1191.8,2029.2,0,0,255.4,495.5,141.3,0,1051.8,0,8490.2,,,,,
Waymo LLC,AVT003,2C4RC1K78HR797355,0,3264,2579.5,2768.5,1949.6,0,0,0,544.3,166.6,0,393.8,436.5,12102.7,,,,,
Waymo LLC,AVT003,2C4RC1K72HR797318,0,190.8,1680.9,1414.9,1168.9,0,0,572.6,315.6,217.5,479.8,305.3,142.2,6488.5,,,,,
Waymo LLC,AVT003,2C4RC1K76HR797404,2,2685.2,2761.5,2963.8,142.5,0,0,207.6,1916.5,1313.1,569.2,232,136.8,12928.2,,,,,
Waymo LLC,AVT003,2C4RC1K79HR797378,0,10.4,98.8,85.5,23.1,0,0,0,0,0,205.6,200.2,103.7,727.2,,,,,
Waymo LLC,AVT003,2C4RC1K70HR797379,0,1467.3,1618.2,2237.5,1592,0,0,690.8,1793.7,2434.9,1366.1,9.9,17.3,13227.5,,,,,
Waymo LLC,AVT003,2C4RC1K75HR833759,0,0,0,0,0,0,0,0,0,0,0,277.7,6.9,284.5,,,,,
Waymo LLC,AVT003,2C4RC1K7XHR822188,0,3119.8,2960.2,3694.3,393.9,0,0,0,1793.2,1556.1,1121.4,0,308.7,14947.6,,,,,
Waymo LLC,AVT003,2C4RC1K71HR805523,0,0,0,0,0,0,0,0,0,0,0,0,95.7,95.7,,,,,
Waymo LLC,AVT003,2C4RC1K78HR797405,0,2968,2453.9,3863.9,0,0,0,0,0,17.2,115.2,571.3,153,10142.5,,,,,
Waymo LLC,AVT003,2C4RC1K70HR797298,0,0,0,0,0,0,0,0,0,0,0,0,0,0,,,,,
Waymo LLC,AVT003,2C4RC1K73HR786120,0,0,0,0,0,0,0,0,0,0,0,0,14,14,,,,,
Waymo LLC,AVT003,2C4RC1K75HR805461,0,0,0,0,0,0,0,0,0,0,1573.1,0,0,1573.1,,,,,
Waymo LLC,AVT003,2C4RC1K75HR805508,0,0,0,0,0,0,0,0,0,0,0,36.4,85.6,122,,,,,
Waymo LLC,AVT003,2C4RC1K77HR786122,0,0,0,0,0,0,0,0,0,0,0,82.1,197.8,279.9,,,,,
Waymo LLC,AVT003,2C4RC1K73HR827264,0,0,0,0,0,0,0,0,0,0,443.8,175.2,0,619,,,,,
Waymo LLC,AVT003,2C4RC1K75HR827234,0,0,0,0,0,0,0,0,0,0,96.7,1323.5,0,1420.3,,,,,
Waymo LLC,AVT003,2C4RC1K72HR805465,0,0,0,0,0,0,0,0,0,0,25.8,119.3,1574.8,1719.9,,,,,
Waymo LLC,AVT003,2C4RC1K71HR833841,0,0,0,0,0,0,0,0,0,0,138.9,0,628.8,767.7,,,,,
Waymo LLC,AVT003,2C4RC1K75HR822194,0,0,0,0,0,0,0,0,0,0,0,607.9,0,607.9,,,,,
Waymo LLC,AVT003,2C4RC1K78HR833769,0,1144.2,146.3,937.6,1865.6,0,0,556.2,913.6,0,218.5,1135.2,879,7796.2,,,,,
Waymo LLC,AVT003,2C4RC1K70HR797415,0,0,0,0,0,0,0,0,0,0,0,20.5,629.7,650.2,,,,,
Waymo LLC,AVT003,2C4RC1K73HR833842,1,2387.1,2894.1,1865.6,2014.6,0,0,809.6,824.8,0,0,150.6,876.5,11822.8,,,,,
Waymo LLC,AVT003,2C4RC1K71HR797293,0,0,0,0,0,0,0,0,0,0,0,0,0,0,,,,,
Waymo LLC,AVT003,2C4RC1K7XHR822207,0,0,0,0,0,0,0,0,0,0,77.9,0,0,77.9,,,,,
Waymo LLC,AVT003,2C4RC1K73HR833873,0,0,0,0,0,0,0,0,0,0,0,965.4,203.2,1168.6,,,,,
Waymo LLC,AVT003,2C4RC1K79HR827253,0,0,0,0,0,0,0,0,0,0,0,0,0,0,,,,,
Waymo LLC,AVT003,2C4RC1K79HR786123,0,0,0,0,0,0,0,0,0,0,120.5,17.1,0,137.6,,,,,
Waymo LLC,AVT003,2C4RC1K7XHR833756,0,0,0,0,0,0,0,0,0,0,145.9,32.8,14.4,193.1,,,,,
Waymo LLC,AVT003,2C4RC1K76HR833785,0,0,0,0,0,0,0,0,0,0,1712.2,301,0,2013.2,,,,,
Waymo LLC,AVT003,2C4RC1K7XHR833885,0,0,0,0,0,0,0,0,0,0,0,0,3.1,3.1,,,,,
Waymo LLC,AVT003,2C4RC1K75HR805489,0,0,0,0,0,0,0,0,0,0,0,7.5,106.5,114,,,,,
Waymo LLC,AVT003,2C4RC1K76HR805467,0,0,0,0,0,0,0,0,0,0,92.7,112,0,204.7,,,,,
Waymo LLC,AVT003,2C4RC1K74HR827242,0,0,0,0,0,0,0,0,0,0,0,333.5,25,358.6,,,,,
Waymo LLC,AVT003,2C4RC1K72HR824243,0,0,0,0,0,0,0,0,0,0,0,95,749.7,844.7,,,,,
Waymo LLC,AVT003,2C4RC1K70HR836181,0,0,0,0,0,0,0,0,0,0,0,0,0,0,,,,,
Waymo LLC,AVT003,2C4RC1K74HR805466,0,0,35,2407.5,925.2,0,0,45.2,2523.9,2869.4,135.7,13.5,522.5,9477.8,,,,,
Waymo LLC,AVT003,2C4RC1K78HR833867,0,485.1,143.8,2791.9,1147.3,0,0,752.9,770.3,0,485.1,1804.3,3.7,8384.3,,,,,
Waymo LLC,AVT003,2C4RC1K7XHR805486,0,284,436.4,611.4,0,0,0,410.7,818.7,99.1,702.7,1502.1,523.4,5388.3,,,,,
Waymo LLC,AVT003,2C4RC1K76HR824259,0,0,0,0,0,0,0,0,0,0,0,213.6,0,213.6,,,,,
Waymo LLC,AVT003,2C4RC1K71HR822208,0,0,0,0,0,0,0,0,0,0,0,149.2,0,149.2,,,,,
Waymo LLC,AVT003,2C4RC1K71HR833810,0,0,0,0,0,0,0,0,0,0,249.2,79.1,76,404.3,,,,,
Waymo LLC,AVT003,2C4RC1K78HR797338,0,0,0,0,0,0,0,0,0,0,0,0,0,0,,,,,
Waymo LLC,AVT003,2C4RC1K76HR797354,0,173.5,370.6,140.6,8.5,0,0,3.1,0,0,1307.7,148.2,626.5,2778.7,,,,,
Waymo LLC,AVT003,2C4RC1K76HR833835,0,0,0,657.2,1641.6,0,0,82.8,243.3,447.4,0,1552.8,541.9,5167,,,,,
Waymo LLC,AVT003,2C4RC1K70HR833877,0,390.5,78.7,176.9,134.4,0,0,774.8,338.8,376.2,266.2,685.2,758.7,3980.3,,,,,
Waymo LLC,AVT003,2C4RC1K75HR827265,0,653.7,546.6,226.5,0,0,0,0,0,0,0,0,0,1426.8,,,,,
Waymo LLC,AVT003,2C4RC1K70HR805478,0,0,0,149.8,0,0,0,0,1950.5,1782.6,1512.8,523.3,358,6277,,,,,
Waymo LLC,AVT003,2C4RC1K73HR797361,0,773.8,549.8,258.9,279.4,0,0,382.2,1154.2,139.8,0,0,436.2,3974.3,,,,,
Waymo LLC,AVT003,2C4RC1K74HR824227,0,0,0,0,0,0,0,0,0,0,0,0,0,0,,,,,
Waymo LLC,AVT003,2C4RC1K75HR797295,0,0,0,0,0,0,0,0,0,0,0,324.3,45.8,370.1,,,,,
Waymo LLC,AVT003,2C4RC1K73HR833856,0,0,0,0,0,0,0,0,0,0,533.5,0,0,533.5,,,,,
Waymo LLC,AVT003,2C4RC1K75HR786121,0,0,0,0,0,0,0,0,0,0,0,0,71.8,71.8,,,,,
Waymo LLC,AVT003,2C4RC1K74HR797322,0,0,0,0,0,0,0,0,0,0,634.9,206.3,0,841.2,,,,,
Waymo LLC,AVT003,2C4RC1K74HR797367,0,0,0,0,0,0,0,0,0,0,17.3,26.9,100.3,144.5,,,,,
Waymo LLC,AVT003,2C4RC1K77HR833889,0,0,0,0,0,0,0,0,0,0,0,0,3.1,3.1,,,,,
Waymo LLC,AVT003,2C4RC1K72HR833816,0,0,0,0,0,0,0,0,0,0,0,0,779.6,779.6,,,,,
Waymo LLC,AVT003,2C4RC1K76HR824228,0,0,0,0,0,0,0,0,0,0,0,0,0,0,,,,,
Waymo LLC,AVT003,2C4RC1K73HR797389,0,2645.4,1747,0,0,0,0,3.3,2612.8,1968.7,500.2,255.5,644,10376.9,,,,,
Waymo LLC,AVT003,2C4RC1K7XHR827231,0,1274.5,1667.2,1208.9,1737.9,0,0,542.3,275.9,0,115,30.3,158.1,7010.2,,,,,
Waymo LLC,AVT003,2C4RC1K74HR827239,0,2883.1,3443.5,2561.9,1327.8,0,0,5.7,1816.2,593.3,3561.4,63.1,500.9,16757,,,,,
Waymo LLC,AVT003,2C4RC1K74HR833879,0,2395,3134.1,2425.7,1631.3,0,0,286.2,2560.8,1940.8,1006.8,58.7,0,15439.3,,,,,
Waymo LLC,AVT003,2C4RC1K74HR805516,3,1323.1,1097.6,290,563,0,0,50.2,0,3,564.5,393.2,779.5,5064.2,,,,,
Waymo LLC,AVT003,2C4RC1K7XHR805455,2,2274.2,2929.3,2520.4,1387.7,0,0,931.2,49.3,0,32.3,419.2,48.2,10591.8,,,,,
Waymo LLC,AVT003,2C4RC1K71HR805490,0,0,0,0,0,0,0,0,0,0,0,0,0,0,,,,,
Waymo LLC,AVT003,2C4RC1K79HR822215,1,2409.3,2681.3,2284.4,1661.6,0,0,404.3,231.9,0,3,810.7,97.8,10584.3,,,,,
Waymo LLC,AVT003,2C4RC1K73HR797330,0,1297.3,2861.5,2956.7,1325.7,0,0,921.7,513.9,0,40.6,24,73.1,10014.5,,,,,
Waymo LLC,AVT003,2C4RC1K73HR805488,0,0,0,0,0,0,0,0,0,0,0,14.4,93.9,108.3,,,,,
Waymo LLC,AVT003,2C4RC1K75HR833857,0,0,0,0,0,0,0,0,0,0,0,224.4,0,224.4,,,,,
Waymo LLC,AVT003,2C4RC1K72HR836179,0,1299.2,836.5,451.6,486.7,0,0,525.2,1804.6,541.9,278.6,76.4,0,6300.8,,,,,
Waymo LLC,AVT003,2C4RC1K77HR833858,0,270.8,66.9,0,0,0,0,3.1,0,0,63.1,557.9,150.1,1111.8,,,,,
Waymo LLC,AVT003,2C4RC1K7XHR797325,1,2534.8,2793.9,2135.3,1539.9,0,0,217.1,1953.2,0,15.8,257.8,804.4,12252.2,,,,,
Waymo LLC,AVT003,2C4RC1K75HR797345,1,1440.5,2612.3,2076.3,0,0,0,0,0,67.3,163.8,103.6,0,6463.7,,,,,
Waymo LLC,AVT003,2C4RC1K71HR797343,0,2148.5,2256.3,2870.3,1652.5,0,0,238.3,60.2,0,75.6,353.3,310,9965,,,,,
Waymo LLC,AVT003,2C4RC1K73HR797358,0,2144.2,3115.7,2811.4,849.9,0,0,969.7,428.2,438.1,6.3,437.9,595.2,11796.6,,,,,
Waymo LLC,AVT003,2C4RC1K77HR833827,0,1267.9,1591.7,1354.1,0,0,0,0,2705.8,2449.9,1048.2,40.4,539.1,10997.1,,,,,
Waymo LLC,AVT003,2C4RC1K73HR833758,0,0,59.9,355.3,337,0,0,123.8,1580.9,1841.7,1185.4,1986.5,1693.3,9163.7,,,,,
Waymo LLC,AVT003,2C4RC1K70HR827271,1,2381.6,3078.5,3116.9,1605.5,0,0,278.2,0,1237.7,843.1,149,388.8,13079.3,,,,,
Waymo LLC,AVT003,2C4RC1K7XHR797308,0,765.2,1294.5,1102.5,872.3,0,0,974.6,1115.4,804.1,505.1,334.2,821.7,8589.6,,,,,
Waymo LLC,AVT003,2C4RC1K79HR833778,0,0,0,0,0,0,0,0,0,0,0,0,3.2,3.2,,,,,
Waymo LLC,AVT003,2C4RC1K7XHR833787,0,111.5,162.6,2342.6,1638,0,0,996.2,155.3,0,774.5,418.3,91.2,6690.2,,,,,
Waymo LLC,AVT003,2C4RC1K75HR797362,0,3105.9,1786.1,2330.5,1632,0,0,902.5,2135,2337.6,1817.6,0,0,16047.2,,,,,
Waymo LLC,AVT003,SADHW2S16M1X06462,0,0,0,0,0,0,0,0,0,0,0,0,0,0,,,,,
Waymo LLC,AVT003,SADHW2S11M1X06465,0,0,0,0,0,0,0,0,0,0,0,0,0,0,,,,,
Waymo LLC,AVT003,SADHW2S15M1X06467,0,0,0,0,0,0,0,0,0,0,0,0,0,0,,,,,
Waymo LLC,AVT003,SADHW2S18M1X06477,0,0,0,0,0,0,0,0,0,0,0,0,0,0,,,,,
Waymo LLC,AVT003,SADHW2S19M1X06469,0,0,0,0,0,0,0,0,0,0,0,0,0,0,,,,,
Waymo LLC,AVT003,SADHW2S15M1X06470,0,0,0,0,0,0,0,0,0,0,0,0,0,0,,,,,
Waymo LLC,AVT003,SADHW2S11M1X06448,0,0,0,0,0,0,0,0,0,0,0,0,0,0,,,,,
Waymo LLC,AVT003,SADHW2S15M1X06484,0,0,0,0,0,0,0,0,0,0,0,83.4,38,121.5,,,,,
Waymo LLC,AVT003,SADHW2S19M1X06472,0,0,0,0,0,0,0,0,0,0,0,0,0,0,,,,,
Waymo LLC,AVT003,SADHW2S10M1X06473,0,0,0,0,0,0,0,0,0,0,0,0,0,0,,,,,
Waymo LLC,AVT003,SADHW2S12M1X06474,0,0,0,0,0,0,0,0,0,0,127.9,100.6,0,228.5,,,,,
Waymo LLC,AVT003,SADHW2S14M1X06475,0,0,0,0,0,0,0,0,0,0,0,0,0,0,,,,,
Waymo LLC,AVT003,SADHW2S16M1X06476,0,0,0,0,0,0,0,0,0,0,0,0,0,0,,,,,
Waymo LLC,AVT003,SADHW2S15M1X06468,0,0,0,0,0,0,0,0,0,0,0,26.4,0,26.4,,,,,
Waymo LLC,AVT003,SADHW2S1XM1X06478,0,0,0,0,0,0,0,0,0,0,0,0,0,0,,,,,
Waymo LLC,AVT003,SADHW2S18M1X06480,0,0,0,0,0,0,0,0,0,0,0,0,0,0,,,,,
Waymo LLC,AVT003,SADHW2S11M1X06479,0,0,0,0,0,0,0,0,0,0,0,0,0,0,,,,,
Waymo LLC,AVT003,SADHW2S1XM1X06481,0,0,0,0,0,0,0,0,0,0,0,0,0,0,,,,,
Waymo LLC,AVT003,SADHW2S11M1X06482,0,0,0,0,0,0,0,0,0,0,0,0,0,0,,,,,
Waymo LLC,AVT003,SADHW2S17M1X06471,0,0,0,0,0,0,0,0,0,0,0,0,0,0,,,,,
Waymo LLC,AVT003,SADHW2S19M1X06486,0,0,0,0,0,0,0,0,0,0,0,0,0,0,,,,,
Waymo LLC,AVT003,SADHW2S10M1X06487,0,0,0,0,0,0,0,0,0,0,0,0,0,0,,,,,
Waymo LLC,AVT003,SADHW2S13M1X06466,0,0,0,0,0,0,0,0,0,0,0,0,0,0,,,,,
Waymo LLC,AVT003,SADHW2S14M1602343,0,0,0,0,0,0,0,0,0,0,0,0,0,0,,,,,
Waymo LLC,AVT003,SADHW2S16M1601985,0,0,0,0,0,0,0,0,0,0,0,0,0,0,,,,,
Waymo LLC,AVT003,SADHW2S1XM1602587,0,0,0,0,0,0,0,0,0,0,0,0,0,0,,,,,
Waymo LLC,AVT003,SADHW2S11M1602073,0,0,0,0,0,0,0,0,0,0,0,0,0,0,,,,,
Waymo LLC,AVT003,SADHW2S14M1602584,0,0,0,0,0,0,0,0,0,0,0,0,0,0,,,,,
Waymo LLC,AVT003,SADHW2S16M1602618,0,0,0,0,0,0,0,0,0,0,0,0,0,0,,,,,
Waymo LLC,AVT003,SADHW2S19M1602645,0,0,0,0,0,0,0,0,0,0,0,0,0,0,,,,,
Waymo LLC,AVT003,SADHW2S19M1602614,0,0,0,0,0,0,0,0,0,0,0,0,0,0,,,,,
Waymo LLC,AVT003,SADHW2S16M1602621,0,0,0,0,0,0,0,0,0,0,0,0,0,0,,,,,
Waymo LLC,AVT003,SADHW2S18M1602670,0,0,0,0,0,0,0,0,0,0,0,0,0,0,,,,,
Waymo LLC,AVT003,SADHW2S19M1602659,0,0,0,0,0,0,0,0,0,0,0,0,0,0,,,,,
Waymo LLC,AVT003,SADHW2S12M1602678,0,0,0,0,0,0,0,0,0,0,0,0,0,0,,,,,
Waymo LLC,AVT003,SADHW2S1XM1602685,0,0,0,0,0,0,0,0,0,0,0,0,0,0,,,,,
Waymo LLC,AVT003,SADHW2S14M1602696,0,0,0,0,0,0,0,0,0,0,0,0,0,0,,,,,
Waymo LLC,AVT003,SADHW2S10M1602680,0,0,0,0,0,0,0,0,0,0,0,0,0,0,,,,,
Waymo LLC,AVT003,SADHW2S19M1602693,0,0,0,0,0,0,0,0,0,0,0,0,0,0,,,,,
Waymo LLC,AVT003,SADHW2S17M1602661,0,0,0,0,0,0,0,0,0,0,0,0,19.9,19.9,,,,,
Waymo LLC,AVT003,SADHW2S14M1602665,0,0,0,0,0,0,0,0,0,0,0,0,0,0,,,,,
Waymo LLC,AVT003,SADHW2S16M1602697,0,0,0,0,0,0,0,0,0,0,0,0,0,0,,,,,
Waymo LLC,AVT003,SADHW2S11M1602672,0,0,0,0,0,0,0,0,0,0,0,0,0,0,,,,,
Waymo LLC,AVT003,SADHW2S15M1602691,0,0,0,0,0,0,0,0,0,0,0,0,0,0,,,,,
Waymo LLC,AVT003,SADHW2S18M1602684,0,0,0,0,0,0,0,0,0,0,0,0,0,0,,,,,
Waymo LLC,AVT003,SADHW2S11M1602624,0,0,0,0,0,0,0,0,0,0,0,0,0,0,,,,,
Waymo LLC,AVT003,SADHW2S1XM1602668,0,0,0,0,0,0,0,0,0,0,0,0,0,0,,,,,
Waymo LLC,AVT003,SADHW2S1XM1602637,0,0,0,0,0,0,0,0,0,0,0,0,0,0,,,,,
Waymo LLC,AVT003,SADHW2S14M1602679,0,0,0,0,0,0,0,0,0,0,0,0,0,0,,,,,
Waymo LLC,AVT003,SADHW2S15M1602688,0,0,0,0,0,0,0,0,0,0,0,0,0,0,,,,,
Waymo LLC,AVT003,SADHW2S16M1602702,0,0,0,0,0,0,0,0,0,0,0,0,0,0,,,,,
Waymo LLC,AVT003,SADHW2S14M1602701,0,0,0,0,0,0,0,0,0,0,0,0,0,0,,,,,
Waymo LLC,AVT003,SADHW2S18M1602698,0,0,0,0,0,0,0,0,0,0,0,0,0,0,,,,,
Waymo LLC,AVT003,SADHW2S11M1602610,0,0,0,0,0,0,0,0,0,0,0,0,0,0,,,,,
Waymo LLC,AVT003,SADHW2S13M1602673,0,0,0,0,0,0,0,0,0,0,0,0,0,0,,,,,
Waymo LLC,AVT003,SADHW2S1XM1602699,0,0,0,0,0,0,0,0,0,0,0,0,0,0,,,,,
Waymo LLC,AVT003,SADHW2S11M1602641,0,0,0,0,0,0,0,0,0,0,0,0,0,0,,,,,
Waymo LLC,AVT003,SADHW2S1XM1602735,0,0,0,0,0,0,0,0,0,0,0,0,0,0,,,,,
Waymo LLC,AVT003,SADHW2S19M1602662,0,0,0,0,0,0,0,0,0,0,0,0,0,0,,,,,
Waymo LLC,AVT003,SADHW2S15M1602660,0,0,0,0,0,0,0,0,0,0,0,0,0,0,,,,,
Waymo LLC,AVT003,SADHW2S1XM1602671,0,0,0,0,0,0,0,0,0,0,0,0,0,0,,,,,
Waymo LLC,AVT003,SADHW2S12M1602664,0,0,0,0,0,0,0,0,0,0,0,0,0,0,,,,,
Waymo LLC,AVT003,SADHW2S11M1602686,0,0,0,0,0,0,0,0,0,0,0,0,0,0,,,,,
Waymo LLC,AVT003,SADHW2S19M1602676,0,0,0,0,0,0,0,0,0,0,0,0,0,0,,,,,
Waymo LLC,AVT003,SADHW2S18M1602703,0,0,0,0,0,0,0,0,0,0,0,0,0,0,,,,,
Waymo LLC,AVT003,SADHW2S13M1602706,0,0,0,0,0,0,0,0,0,0,0,0,0,0,,,,,
Waymo LLC,AVT003,SADHW2S12M1602681,0,0,0,0,0,0,0,0,0,0,0,0,0,0,,,,,
Waymo LLC,AVT003,SADHW2S13M1602690,0,0,0,0,0,0,0,0,0,0,0,0,0,0,,,,,
Waymo LLC,AVT003,SADHW2S14M1602682,0,0,0,0,0,0,0,0,0,0,0,0,0,0,,,,,
Waymo LLC,AVT003,SADHW2S11M1602669,0,0,0,0,0,0,0,0,0,0,0,0,0,0,,,,,
WeRide Corp,AVT034,3LN6L5LU3HR640854,0,0,0,0,0,0,0,0,0,0,0,0,0,0,,,,,
WeRide Corp,AVT034,3LN6L5LU1HR638729,0,37,29,104,0,0,0,0,0,0,291,460,116,1037,,,,,
WeRide Corp,AVT034,3LN6L5LU4HR637607,0,85,330,170,0,0,0,3,1,0,20,0,0,609,,,,,
WeRide Corp,AVT034,3LN6l5MU2HR654727,0,0,0,54,255,0,0,0,1495,997,590,151,56,3598,,,,,
WeRide Corp,AVT034,3LN6L5MU1HR637773,1,223,105,347,52,0,0,47,1618,888,691,294,401,4666,,,,,
WeRide Corp,AVT034,1N4AZ1CP5J3C31550,0,2,0,28,0,0,0,0,0,0,0,0,0,30,,,,,
WeRide Corp,AVT034,1N4AZ1CP3KC301099,0,0,0,0,0,0,0,0,0,292,20,3,3,318,,,,,
WeRide Corp,AVT034,1N4AZ1CP3KC305048,0,0,0,0,0,0,0,0,0,0,0,0,0,0,,,,,
WeRide Corp,AVT034,1N4AZ1CP2KC305130,1,24,457,361,128,0,0,12,9,764,744,164,93,2756,,,,,
"Zoox, Inc",AVT012,~0015,0,184,719,1827,0,0,0,0,0,0,0,0,0,2730,,,,,
"Zoox, Inc",AVT012,~0224,0,0,0,0,0,0,0,0,0,489,618,483,532,2122,,,,,
"Zoox, Inc",AVT012,~0245,0,0,0,0,0,0,0,0,479,312,0,32,116,939,,,,,
"Zoox, Inc",AVT012,~0268,4,388,880,915,0,0,0,155,324,46,188,575,456,3927,,,,,
"Zoox, Inc",AVT012,~0384,5,0,284,690,470,0,5,8,134,40,464,134,130,2359,,,,,
"Zoox, Inc",AVT012,~0496,3,164,281,0,0,0,0,236,280,494,464,168,606,2693,,,,,
"Zoox, Inc",AVT012,~0658,5,184,175,824,573,6,14,208,683,1054,287,114,244,4366,,,,,
"Zoox, Inc",AVT012,~3880,3,0,79,533,100,0,0,0,417,802,841,1051,750,4573,,,,,
"Zoox, Inc",AVT012,~3994,1,0,0,47,66,0,0,208,630,842,442,365,617,3217,,,,,
"Zoox, Inc",AVT012,~4366,0,132,81,317,389,35,67,30,507,508,662,218,587,3533,,,,,
"Zoox, Inc",AVT012,~4810,1,252,487,437,407,0,0,47,524,264,605,339,0,3362,,,,,
"Zoox, Inc",AVT012,~4880,0,37,0,0,0,0,0,0,570,144,120,47,0,918,,,,,
"Zoox, Inc",AVT012,~4961,0,0,0,0,0,0,0,0,0,422,72,43,21,558,,,,,
"Zoox, Inc",AVT012,~5009,0,0,76,151,0,0,0,0,0,0,0,0,0,227,,,,,
"Zoox, Inc",AVT012,~5016,0,452,523,271,0,0,0,0,0,0,0,0,0,1246,,,,,
"Zoox, Inc",AVT012,~5195,7,270,707,790,510,0,0,59,71,632,459,564,664,4726,,,,,
"Zoox, Inc",AVT012,~5200,1,0,0,17,13,0,0,113,360,161,248,548,127,1585,,,,,
"Zoox, Inc",AVT012,~5225,0,0,1,418,345,0,0,0,125,366,861,857,1027,3999,,,,,
"Zoox, Inc",AVT012,~5257,4,631,753,220,0,0,0,0,0,673,726,966,1139,5109,,,,,
"Zoox, Inc",AVT012,~5349,0,0,39,25,1,0,0,199,329,520,272,779,33,2196,,,,,
"Zoox, Inc",AVT012,~5424,0,44,39,109,0,0,0,33,0,0,0,331,325,881,,,,,
"Zoox, Inc",AVT012,~5502,0,0,0,0,0,0,0,0,0,22,68,94,268,452,,,,,
"Zoox, Inc",AVT012,~5631,2,0,0,148,359,0,0,80,959,0,121,466,196,2330,,,,,
"Zoox, Inc",AVT012,~5632,0,0,0,0,0,0,0,90,558,406,728,525,469,2776,,,,,
"Zoox, Inc",AVT012,~5678,1,0,0,0,120,0,0,121,19,7,342,521,363,1494,,,,,
"Zoox, Inc",AVT012,~5942,0,677,314,259,197,0,0,0,0,0,0,0,0,1446,,,,,
"Zoox, Inc",AVT012,~6144,2,60,710,763,228,0,0,0,0,0,0,0,0,1761,,,,,
"Zoox, Inc",AVT012,~6321,0,0,0,0,0,0,0,0,0,10,41,12,111,174,,,,,
"Zoox, Inc",AVT012,~6607,2,3,344,404,0,0,0,52,300,575,463,849,443,3435,,,,,
"Zoox, Inc",AVT012,~6725,5,515,686,1064,683,0,0,0,0,0,0,0,0,2947,,,,,
"Zoox, Inc",AVT012,~6810,0,0,0,0,0,0,0,0,0,0,199,282,3,484,,,,,
"Zoox, Inc",AVT012,~6839,2,228,340,169,197,7,0,0,622,822,713,2,183,3284,,,,,
"Zoox, Inc",AVT012,~7014,4,140,275,833,0,0,0,203,74,0,256,455,595,2831,,,,,
"Zoox, Inc",AVT012,~7379,3,0,59,349,192,0,0,8,392,677,502,1012,631,3822,,,,,
"Zoox, Inc",AVT012,~7625,1,404,696,908,256,0,0,51,7,0,0,0,0,2322,,,,,
"Zoox, Inc",AVT012,~7703,3,662,875,968,604,0,0,73,54,0,0,0,0,3236,,,,,
"Zoox, Inc",AVT012,~7818,1,0,0,6,364,0,46,0,636,641,650,969,545,3858,,,,,
"Zoox, Inc",AVT012,~8451,0,0,14,0,0,0,0,0,0,0,6,0,0,20,,,,,
"Zoox, Inc",AVT012,~8456,3,379,0,434,491,0,0,0,258,717,767,122,171,3340,,,,,
"Zoox, Inc",AVT012,~8642,0,408,1237,700,1070,0,0,0,0,0,0,0,0,3414,,,,,
"Zoox, Inc",AVT012,~9454,0,0,0,0,0,0,0,0,0,0,0,0,8,8,,,,,
"Zoox, Inc",AVT012,~9501,0,0,0,0,2,0,0,1,106,907,321,54,572,1963,,,,,
"Zoox, Inc",AVT012,~9781,0,0,0,0,0,0,2,6,19,47,0,40,200,314,,,,,
"Zoox, Inc",AVT012,~9908,0,0,0,0,0,0,0,0,0,0,0,0,0,1,,,,,
"Zoox, Inc",AVT012,~9989,0,507,494,335,187,0,0,0,21,0,0,0,0,1543,,,,,